iyp_org_name,iyp_countries,iyp_n_as,tier,candidates,candidate_names
IRIS,,0,legal_exact_nocountry,894500UE4D2QHCT9IT59;969500543HYD37LMO243;96950069WTHDPZTOIU10;9695007DJ86GBNTH3I14;969500C41Z6DKVGPLG77;969500F14WHBV36M3D56;969500IELBXV75Y4OJ84;969500IRGZ9Q4B9QCG22;969500LQEJZD9Z9F5G96;969500MKIJNK71RBB921;969500RZB09SX3JK6X31,IRIS [ACTIVE] | IRIS [ACTIVE] | IRIS [ACTIVE] | IRIS [ACTIVE] | IRIS [ACTIVE] | IRIS [ACTIVE] | IRIS [ACTIVE] | IRIS [ACTIVE] | IRIS [ACTIVE] | IRIS [ACTIVE] | IRIS [ACTIVE]
F&B Capital GmbH,DE,1,legal_exact,391200841WRND6TZHR18;391200ER5EWLA0YFIM94,F&B Capital GmbH [ACTIVE] | F&B Capital GmbH [ACTIVE]
weber.investments GmbH & Co. KG,DE,0,legal_core,529900RZ94GBCT73TI07;9676003XWFCMSHQHY784,Weber GmbH & Co. KG [ACTIVE] | Weber GmbH [ACTIVE]
Alfa Service s.r.l.,IT,1,legal_exact,81560033C1A781AF5269;8156008BB528E9D30897;815600E2AE9FC7AC8143,ALFA SERVICE S.R.L. [ACTIVE] | ALFA SERVICE S.R.L. [ACTIVE] | ALFA SERVICE S.R.L. [ACTIVE]
C.C.S. (Leeds) Ltd,GB,1,legal_core,2138001RLWTLLH99QH79;2138002VAW4MQ6UOFL20;213800YXJTHSGJ33IR78,C.P.S. PARTNERSHIP LIMITED [ACTIVE] | C.A.C. (HOLDINGS) LIMITED [ACTIVE] | C [ACTIVE]
Northrop Grumman,US,1,legal_core,5493009D2COWW65B8673;RIMU48P07456QXSO0R61,NORTHROP GRUMMAN Federal Credit Union [ACTIVE] | NORTHROP GRUMMAN CORPORATION [ACTIVE]
Shiv Nadar Institution of Eminence,IN,1,legal_exact,33580025NH7HABZFNO49;335800OC2YVFD7I6OR27,SHIV NADAR UNIVERSITY [ACTIVE] | SHIV NADAR UNIVERSITY [ACTIVE]
Telstra Corporation Ltd,AU,0,legal_core,894500U4L7JONMULJE04;PCTXNQGRJVR3OG33JG65,TELSTRA LIMITED [ACTIVE] | TELSTRA CORPORATION LIMITED [ACTIVE]
TON Total Optical Networks AG,,1,legal_exact_nocountry,529900A374ZZW41XEO19;529900E8RD98QSFJAL40,TON Total Optical Networks AG [ACTIVE] | TON Total Optical Networks (FL) AG [ACTIVE]
European Space Agency,IT,0,legal_core,815600FC70BBEFD7D618;9845000A0N47B3F86543,ESA S.P.A. [ACTIVE] | ESA S.R.L. [ACTIVE]
Bechtle AG,DE,1,legal_core,52990046P9I4X3IC2Z83;5299007NTFS1LWW6C529;5299008COOL6AVHZSF14;529900AIMW9MWJFLV586;529900ESNQW5NFQNE715;529900HA2QT774RUXW59;529900J0H3LXZA6JHV59;529900K2XUJNSLDDLA15;529900K3YL0NDC90SS24;529900MVWQT3JKJZLR86;529900P4JUTQEQSLXF90;529900S557ET4A93NT24;529900WMIXMSQ54I4670;529900XY0E67TJWQEQ86;529900Y3CAVLV9I9Y898,Bechtle GmbH & Co. KG [ACTIVE] | Bechtle GmbH & Co. KG [ACTIVE] | Bechtle GmbH [ACTIVE] | Bechtle GmbH [ACTIVE] | Bechtle GmbH & Co. KG [ACTIVE] | Bechtle Aktiengesellschaft [ACTIVE] | Bechtle GmbH [ACTIVE] | Bechtle GmbH [ACTIVE] | Bechtle GmbH & Co. KG [ACTIVE] | Bechtle GmbH [ACTIVE] | Bechtle GmbH [ACTIVE] | Bechtle GmbH [ACTIVE] | Bechtle GmbH & Co. KG [ACTIVE] | Bechtle GmbH [ACTIVE] | Bechtle GmbH & Co. KG [ACTIVE]
Bastivan Consulting SAS,FR,1,legal_exact,969500270M9UCIEOHI98;969500E7AEJ29AP85G82,BC [ACTIVE] | BC [ACTIVE]
"Skadden, Arps, Slate, Meagher & Flom LLP",US,3,legal_exact,549300B3R30FPUQ1BS86;549300MEUUT8ZL7LMR77,"SKADDEN, ARPS, SLATE, MEAGHER & FLOM LLP [ACTIVE] | SKADDEN, ARPS, SLATE, MEAGHER & FLOM (UK) LLP [ACTIVE]"
"Bloomberg, LP",US,2,legal_core,549300B56MD0ZC402L06;549300RMUDWPHCUQNE66,Bloomberg L.P. [ACTIVE] | Bloomberg Inc. [ACTIVE]
Maverick,,1,legal_exact_nocountry,969500728K9LZI6ACH18;969500ICFOVBUXELOU81;969500WC1DTFXLEPLQ75,MAVERICK [ACTIVE] | MAVERICK [ACTIVE] | MAVERICK [ACTIVE]
Premier Communications,US,2,legal_core,2549004WBDC394DA3W87;254900TVN7TKHQZISG52;549300MYCPE87Q1LS481;549300TGY7XOOC477466,"Premier Credit Union [ACTIVE] | Premier Federal Credit Union [ACTIVE] | PREMIER AG INC. [ACTIVE] | The Premier, LLC [ACTIVE]"
Hutchison 3G UK,GB,1,legal_core,213800IQ24EO5J7N4H69;213800WXXJQTIZWNH656,HUTCHISON 3G UK LIMITED [ACTIVE] | HUTCHISON 3G UK FINANCE LIMITED [ACTIVE]
Network,IN,1,legal_exact,335800TNBOPVCAOK4271;894500SB4WNULF41V713,NETWORK [ACTIVE] | Network [ACTIVE]
LINK S.R.L.,IT,1,legal_exact,8156000B512002DAE531;8156008E07B0B03D1308;815600E33D18B8E9A407,LINK S.R.L. [ACTIVE] | LINK S.R.L. [ACTIVE] | LINK S.R.L. [ACTIVE]
Citizens Telephone Cooperative,US,1,legal_core,5493000M5TUF0NCIHX08;5493008ORX814MK1WM19;549300Z39SMLUE3VF522,"CITIZENS L.L.C. [ACTIVE] | CITIZENS CORPORATION [ACTIVE] | CITIZENS, INC. [ACTIVE]"
XTB S.A.,PL,3,legal_core,259400AVUPSABLEXNT19;259400SGLXKVRKOUKF65,XTB SPÓŁKA AKCYJNA [ACTIVE] | XTB LIMITED [ACTIVE]
Actus S.A.,PL,1,legal_core,2594000EV0J6FOL0BH24;984500DBF6DCUF836381,ACTUS SPÓŁKA Z OGRANICZONĄ ODPOWIEDZIALNOŚCIĄ [ACTIVE] | ACTUS SPÓŁKA AKCYJNA [ACTIVE]
Sicilcom Societa' Cooperativa,IT,1,legal_core,81560025C93ED5ADE753;894500RSCNO6POUS1E78,SICILCOM S.R.L. [ACTIVE] | SICILCOM S.R.L. [ACTIVE]
Terra,,0,legal_exact_nocountry,72450065R9GD3TH6L970;969500X58LTS6RCQ4U51,Terra [ACTIVE] | TERRA [ACTIVE]
Ernst & Young,,0,legal_exact_nocountry,222100D7D98APMA9KM73;254900S1GY2HESYK2Y81,ERNST & YOUNG [ACTIVE] | Ernst & Young [ACTIVE]
OPTIMUM,,0,legal_exact_nocountry,5493004SUY89YEOQWE09;69940046UZSQJETUSF65,Optimum [ACTIVE] | Optimum [ACTIVE]
COMMUNITY INTERNET PROVIDERS LLC,US,1,legal_core,5493002YGEDDD3RDCD28;549300X3ZRS78LSYEK49,"CIP Investments (UK), LP [ACTIVE] | CIP (Change in Progress), L.P. [ACTIVE]"
SCE DEPARTEMENTAL INCENDIE ET SECOURS,FR,1,legal_exact,9695001KW4UYVSDRP570;9695005CGZYLAVVPMB61;969500I44B0P2NDNXK46;969500OPNC422BD48Z83,SCE DEPARTEMENTAL INCENDIE ET SECOURS [ACTIVE] | SCE DEPARTEMENTAL INCENDIE ET SECOURS [ACTIVE] | SCE DEPARTEMENTAL INCENDIE ET SECOURS [ACTIVE] | SCE DEPARTEMENTAL INCENDIE ET SECOURS [ACTIVE]
Mecklenburg Electric Cooperative / Empower,US,1,legal_core,549300L7JNOXBW10PN68;549300YKTME1U7Z0UN20,Empower Credit Union [ACTIVE] | Empower Federal Credit Union [ACTIVE]
AXA Versicherungen AG,CH,0,legal_exact,391200NQ044IOMPTTM17;391200ZMYCMVKZYKPS84;529900VY3W1BDS55VX90,"AXA Versicherungen AG (Insurance Ltd.) (acting on behalf of its account ""Allocated Assets"") [ACTIVE] | AXA Versicherungen AG (Insurance Ltd.) (acting on behalf of its account ""Free Assets"") [ACTIVE] | AXA Versicherungen AG [ACTIVE]"
Hewlett-Packard GmbH,,0,legal_exact_nocountry,549300B5PRENBDHYQ971;549300RSJL5C0MWVZB39,Hewlett-Packard GmbH [ACTIVE] | Hewlett-Packard (Schweiz) GmbH [ACTIVE]
"Apple Network, LLC",US,0,legal_core,254900NZCGMT6517BA94;HWUPKR0MPOU8FGXBT394,Apple Federal Credit Union [ACTIVE] | Apple Inc. [ACTIVE]
MadIX,,0,legal_exact_nocountry,9695009X85TL6AD0BU87;969500E7ZCGI20PY7075,MADIX [ACTIVE] | MADIX [ACTIVE]
Goodwill Enterprises,IN,1,legal_exact,254900L44F7VSV59P117;64885S595GNWA0PA9204,Goodwill Enterprises [ACTIVE] | GOODWILL ENTERPRISES [ACTIVE]
CIBC World Markets,CA;US,3,legal_core,549300445CON3DBMU275;549300TDJKVQJ41VN031,CIBC WORLD MARKETS CORP. [ACTIVE] | CIBC WORLD MARKETS INC. [ACTIVE]
VINCI SA,FR,1,legal_core,213800WFQ334R8UXUG83;969500DYZN35JR1VTV51;969500THDBCIUGP34Z81,VINCI [ACTIVE] | VINCI [ACTIVE] | VINCI [ACTIVE]
EXNESS (NZ) Ltd.,,1,legal_exact_nocountry,2138001IF8HLT54KA417;213800TS6IQF7NLQSP32;8945006P9TS9D3LXTE70;984500380C7D37B3T277,EXNESS (UK) LTD [ACTIVE] | EXNESS (CY) LTD [ACTIVE] | EXNESS (SC) LTD [ACTIVE] | Exness (VG) Ltd [ACTIVE]
Princeton Digital Group,SG,0,legal_core,98450080F076DBCC1561;984500B0E60B9EF4DC15,PRINCETON DIGITAL GROUP (ASIA) PRIVATE LIMITED [ACTIVE] | PRINCETON DIGITAL GROUP (SINGAPORE ALPHA) PTE. LIMITED [ACTIVE]
Work Banda Larga,BR,1,legal_core,2549002Q975WTSWW7J47;254900AV3346DNWNXE97,Work Ltda [ACTIVE] | Work Limited [ACTIVE]
CentriLogic,CA,2,legal_core,254900VVGVKAINU07U25;5493004WWDJOO4J8HG11,CENTRILOGIC (2011) INC. [ACTIVE] | Centrilogic Inc. [ACTIVE]
Dimensione,IT,1,legal_core,815600889F4B9586F990;815600ACD6F46B726B83,DIMENSIONE - S.P.A. [ACTIVE] | DIMENSIONE S.R.L. [ACTIVE]
Helix,,0,legal_exact_nocountry,5299003ETIDEGU5GC874;699400TSOCO3EHFX6N66;969500IMRWVREJ7OL402,HELIX [ACTIVE] | Helix [ACTIVE] | HÉLIX [ACTIVE]
Discovery Communications,US,2,legal_core,254900QPM17RWZE8SL15;L2Z2MO2EQURH3BREWI15,"DISCOVERY COMMUNICATIONS, LTD., L.L.C. [ACTIVE] | DISCOVERY COMMUNICATIONS, LLC [ACTIVE]"
UBS AG,CH;US,5,legal_exact,254900R882POXXVAK772;BFM8T61CT2L1QCEMIK50,UBS AG [ACTIVE] | UBS AG [ACTIVE]
E,IT,0,legal_core,529900ABQD1G2QDDO318;815600092720F15A8449;8156001EA473CC6B1047;81560023C4D166279A19;81560028F9B1A1B91480;8156004AAC0BA4DE3388;8156005A7445165D5246;815600672F7FDEDD3A24;81560090FBB9EF45C244;815600A65611A5113423;815600BA834BAD35A453;815600CA9B5645AA7A91;815600DA1E04C2798A34;815600F2669DCCE14543;815600F66B5A03796677;815600F8000CD0A7EF73;89450054GCAIWS88SU46;984500A4B9XAA0E66A21,E.F.P. S.R.L. [ACTIVE] | E.C.S. S.R.L. [ACTIVE] | E.P.S. - S.R.L. [ACTIVE] | E&C S.R.L. [ACTIVE] | E- DA S.R.L. [ACTIVE] | E.F.P. S.R.L. [ACTIVE] | E.CO. S.R.L. [ACTIVE] | E.C.S. - S.R.L. [ACTIVE] | E.C.S. S.R.L. [ACTIVE] | E++ S.R.L. [ACTIVE] | E.O.S. S.P.A. [ACTIVE] | E A S S.P.A. [ACTIVE] | E.L.C. S.R.L. [ACTIVE] | E.C.A. S.P.A. [ACTIVE] | E.S.A. SRL [ACTIVE] | E.A.S. S.P.A. [ACTIVE] | E.C.B. SRL [ACTIVE] | E.L.C. S.R.L. [ACTIVE]
Accenture,,0,legal_exact_nocountry,5493002OB4JCY0EO1N91;969500U4NM8KW61RVN48,ACCENTURE [ACTIVE] | ACCENTURE [ACTIVE]
Computacenter (UK) Ltd,GB,1,legal_core,213800GOJRCFL3KB3U80;549300XSXUZ1I19DB105,COMPUTACENTER (UK) LIMITED [ACTIVE] | COMPUTACENTER PLC [ACTIVE]
OVHcloud,FR,1,other_name_exact,9695001J8OSOVX4TP939;9695007586GCAKPYJ703,OVH GROUPE [ACTIVE] | OVH [ACTIVE]
NET NV LLC,US,1,legal_core,254900Z5C05S3KOT2M12;549300FV32ULL0DL8X39,"Net, Inc. [ACTIVE] | NET [ACTIVE]"
ING Bank N.V.,NL,8,legal_exact,3TK20IVIUJ8J3ZU0QE75;984500849A50A6B1B484,ING BANK N.V. [ACTIVE] | ING BANK N.V. [ACTIVE]
trivago N.V.,DE;NL,4,legal_exact,391200MJ56OU7D3JM080;529900HUKSPVYRFJSH86,trivago N.V. [ACTIVE] | trivago N.V. [ACTIVE]
CHL,US,1,legal_core,549300CKFHML8OR0OP89;549300EQZ30CEMSMD888,"CHL, LTD. [ACTIVE] | CHL INVESTMENTS, LLC [ACTIVE]"
PRIMA,,0,legal_exact_nocountry,529900NI3S36BQT5N664;89450056XC9SY52CUM80;9695000AHM7GQ92ZBO70;969500U8CFDDV6ZSMP18,PRIMA [ACTIVE] | PRIMA [ACTIVE] | PRIMA [ACTIVE] | PRIMA [ACTIVE]
"Citadel Investment Group, L.L.C.",US,1,fuzzy,254900YGLRI5LX1DVN73,CITADEL GP LLC [ACTIVE]
Volt,,0,legal_exact_nocountry,969500J6DBYFBNXDSL93;969500QKJ4GGEOTVY565,VOLT [ACTIVE] | VOLT [ACTIVE]
Claranet,GB,1,legal_core,213800QQ1EHKVC5ATG85;636700X36UM8OJWF4811,CLARANET FINANCE LIMITED [ACTIVE] | CLARANET LIMITED [ACTIVE]
Swisscom (Switzerland) Ltd,CH,1,other_name_exact,5493005SL9HHOXS3B739;549300JLQCS5OYYYFS40,Swisscom AG [ACTIVE] | Swisscom (Schweiz) AG [ACTIVE]
Freedom Internet B.V.,NL,1,legal_core,724500GRCI6HG7AKBE48;724500LPKUR45ZUYRU26,Freedom Investments B.V. [ACTIVE] | Freedom B.V. [ACTIVE]
Reach,,0,legal_exact_nocountry,9695004SPCZOP160RX03;9695005X53GV68BPU864;969500FW4WUSSE3IP544,REACH [ACTIVE] | REACH [ACTIVE] | REACH [ACTIVE]
OPS,FR,0,legal_exact,8945008DXZGAT8K6MK77;969500258SZNSUC0L317;969500V2067XWVHWOS96;969500WPRBINUH0FE626,OPS [ACTIVE] | OPS [ACTIVE] | OPS [ACTIVE] | OPS [ACTIVE]
First Citizens Bank,,0,legal_exact_nocountry,549300VGKMMSJEW8TW22;549300ZX7CMZ93QCZQ91,First Citizens Bank [ACTIVE] | First Citizens Bank [ACTIVE]
Nasstar,GB,1,legal_core,213800464LOG9B2Q8J17;213800U3GGWPM9EGBQ96,NASSTAR PLC [ACTIVE] | NASSTAR LIMITED [ACTIVE]
NEW SRL,IT,1,legal_core,529900AGDFGWDHWJ8W28;8156001A19682AF7FE90;8156001D24DD5F279581;8156008C02656211B003;815600A85F05584B4726;8945003APS0P5DVTZJ68;894500BS1AP47TOEX710;98450056CDB047FFEA97,NEW S.R.L. [ACTIVE] | NEW FOR SRL [ACTIVE] | NEW.CO. S.R.L. [ACTIVE] | NEW INVESTMENTS S.R.L. [ACTIVE] | NEW COMPANY S.R.L. [ACTIVE] | New! S.R.L. [ACTIVE] | NEW SAE SRL [ACTIVE] | NEW COMPANY SRL [ACTIVE]
SYNAPSE,,1,legal_exact_nocountry,969500BA5XXAVCV23D41;969500ESR1YGS651PM80;969500WN19CHZWHP5798,SYNAPSE [ACTIVE] | SYNAPSE [ACTIVE] | SYNAPSE [ACTIVE]
"Bank of America, National Association",US,15,legal_exact,254900UJSGYIL5JU7B49;B4TYDEB6GKMZO031MB27,"Bank of America National Association [ACTIVE] | Bank Of America, National Association [ACTIVE]"
Gamma,,1,legal_exact_nocountry,969500DZD7V0KOTU8S57;969500F8FLIB1O1SGZ40;969500ISQENHBQYEAE79;969500S458MX5EVCDU06,GAMMA [ACTIVE] | GAMMA [ACTIVE] | GAMMA [ACTIVE] | GAMMA [ACTIVE]
University of Kentucky,US,1,legal_exact,549300CXE3YQ1HXYCQ71;549300V5YG1VXZAU5G02,University of Kentucky [ACTIVE] | UNIVERSITY OF KENTUCKY [ACTIVE]
NEMO S.r.l.,IT,1,legal_exact,815600072932307A2F26;8156007609350E9A5F20;815600BCE66014B1DC13;894500G9VBZZYX1L7245,NEMO S.R.L. [ACTIVE] | NEMO S.R.L. [ACTIVE] | NEMO S.R.L. [ACTIVE] | NEMO S.R.L. [ACTIVE]
Tata Teleservices Ltd,IN,2,legal_core,3358003IB42VST99EI84;3358003M4YQ5CPJTVD89,TATA TELESERVICES (MAHARASHTRA) LIMITED [ACTIVE] | TATA TELESERVICES LIMITED [ACTIVE]
Arya S.r.l.,IT,1,legal_core,5299001774W0UVV35T18;8156002C3F49B40ADA26,ARYA SRL [ACTIVE] | ARYA SRL [ACTIVE]
Telehouse International Corporation of Europe Ltd,GB,1,legal_exact,213800ERURZESHXL6Y35;984500R6D4WJFBDBQA82,TELEHOUSE INTERNATIONAL CORPORATION OF EUROPE LTD [ACTIVE] | TELEHOUSE INTERNATIONAL CORPORATION OF EUROPE LTD [ACTIVE]
Upp Corporation Limited,GB,1,legal_core,2138001KCLCGLT8WT658;2138006LFGSUEP5B2A40;2138008IZR8A65R16987;2138009GW5GOAKPJHQ76;2138009UKAFXQYLTCT48;213800D6RJMP9BVIH421;213800FVYNC9N9RVOC18;213800VFAFKPXASFXU97;213800W41D5HE6Y6F589;213800WFSCG8COWXH764;213800ZIOYMXA3QLKC88,UPP (OXFORD BROOKES) LIMITED [ACTIVE] | UPP (PLYMOUTH THREE) LIMITED [ACTIVE] | UPP (KENT STUDENT ACCOMMODATION II) LIMITED [ACTIVE] | UPP (EXETER) LIMITED [ACTIVE] | UPP (ALCUIN) LIMITED [ACTIVE] | UPP (NOTTINGHAM) LTD [ACTIVE] | UPP (BYRON HOUSE) LIMITED [ACTIVE] | UPP (LOUGHBOROUGH STUDENT ACCOMMODATION) LIMITED [ACTIVE] | UPP (CLIFTON) LIMITED [ACTIVE] | UPP (KENT STUDENT ACCOMMODATION) LIMITED [ACTIVE] | UPP (LANCASTER) LIMITED [ACTIVE]
Deutsche Bank AG,DE;IN;US,8,legal_core,391200PCHLV827FDCB76;529900IH9V4I3VHQVO92;7LTWFZYICNSX8D621K86,Deutsche Bank Stiftung [ACTIVE] | Deutsche Bank Aktiengesellschaft [ACTIVE] | DEUTSCHE BANK AKTIENGESELLSCHAFT [ACTIVE]
Toya sp.z.o.o,PL,6,legal_core,259400A803VVMK5TTW96;259400ZNCJSNT4JBBE60,"""TOYA"" SPÓŁKA AKCYJNA [ACTIVE] | ""TOYA""-SPÓŁKA Z OGRANICZONĄ ODPOWIEDZIALNOŚCIĄ [ACTIVE]"
Libra S.R.L.,IT,1,legal_exact,529900GDURZ0W5O5UK45;81560024F4C528FC1360;8156003511BB00AB3451;81560063DBBCBF112009;8156006627D08B620546;8156007EDE4D81980E51;815600B8FFEA44E59631;815600BD4B8AEABBAD39;815600BE0AFF78373647;815600E96FB017137343;815600F5E5B0150D2796;9845008UF2E55EA38267;984500E6DDBA6A147D22,LIBRA S.R.L. [ACTIVE] | LIBRA S.R.L. [ACTIVE] | LIBRA S.R.L. [ACTIVE] | LIBRA S.R.L. [ACTIVE] | LIBRA S.R.L. [ACTIVE] | LIBRA S.R.L. [ACTIVE] | LIBRA S.R.L. [ACTIVE] | LIBRA S.R.L. [ACTIVE] | LIBRA S.R.L. [ACTIVE] | LIBRA S.R.L. [ACTIVE] | LIBRA S.R.L. [ACTIVE] | LIBRA S.R.L. [ACTIVE] | LIBRA S.R.L. [ACTIVE]
Terna S.p.A.,IT,1,legal_core,815600C8942E47571257;815600D64186F27AC264,TERNA SRL [ACTIVE] | TERNA S.R.L. [ACTIVE]
Fujitsu Limited,,0,legal_exact_nocountry,213800QZ9TDPFS7X7D37;213800TQMEDJ62ZUMW71,FUJITSU (IRELAND) LIMITED [ACTIVE] | FUJITSU (FTS) LIMITED [ACTIVE]
Alan,,1,legal_exact_nocountry,967600410JR3HSDEGU03;9695005UN2ATG3Y1ME74;98450006G2E864EL5F45,ALAN [ACTIVE] | ALAN [ACTIVE] | ALAN [ACTIVE]
MAX.SRL,DE,0,legal_core,39120059V5TQRNNQQU47;391200K9NCGYPKT13Y58,Max GmbH [ACTIVE] | Max Investments GmbH [ACTIVE]
Redwood,,1,legal_exact_nocountry,5493001WRXQTCKCA6205;969500W2JJI6KRGVF249,REDWOOD [ACTIVE] | REDWOOD [ACTIVE]
MULTI SERVICE S.R.L.S.,IT,0,fuzzy,529900OCJ8HG4V0DKU07;8156008118B6DAF2ED97,MULTI SERVICE SRL [ACTIVE] | FHP TERMINAL VENEZIA S.R.L. [ACTIVE]
Boom Communications,US,1,legal_core,25490057L5H8EFCHGB37;549300L6XUCGPFVA0566,"BOOM, INC. [ACTIVE] | Boom, Inc. [ACTIVE]"
"United Rentals (North America), Inc.",US,1,legal_exact,5323X5O7RN0NKFCDRY08;NGIZXNT70J2LYT3FBI09,"UNITED RENTALS, INC. [ACTIVE] | UNITED RENTALS (NORTH AMERICA), INC. [ACTIVE]"
Ekco B.V.,NL,3,legal_core,7245002LHEH5X2SZ1E78;724500LH6RF9UM9DW236,Luna B.V. [ACTIVE] | Luna Investments C.V. [ACTIVE]
Summit,US,1,legal_core,2549006CSAAG67CX8Z55;254900NTAC4H10MGSU23;549300H7YZE1LRA8HA28;549300ZSFNMHET4KE860,Summit Credit Union [ACTIVE] | Summit Credit Union [ACTIVE] | SUMMIT FEDERAL CREDIT UNION [ACTIVE] | THE SUMMIT Federal Credit Union [ACTIVE]
IAC/InterActiveCorp,US,1,other_name_exact,15OMOPB0A8K0EFUVD031;549300TO56L57RP6P031,"MATCH GROUP, INC. [ACTIVE] | PEOPLE INCORPORATED [ACTIVE]"
Bonduelle SA,FR,1,legal_core,969500QSP9C6OF9ULX71;969500QVHHN3NNVYRE94,BONDUELLE [ACTIVE] | BONDUELLE [ACTIVE]
"Interline Brands, Inc.",US,2,legal_exact,5493002G5N9I34NPU211;549300EUZXBS9WZ2E813,"Interline Brands, Inc. [ACTIVE] | Interline Brands, Inc. [ACTIVE]"
SiteOne Landscape Supply,US,2,legal_core,5299008LX7SBD4HIAU03;549300OPBWRVWF1ADN81,"SITEONE LANDSCAPE SUPPLY, INC. [ACTIVE] | SITEONE LANDSCAPE SUPPLY, LLC [ACTIVE]"
Banque de Commerce et de Placements SA,CH,1,legal_exact,5493003LWDQPX5CKY206;5493004507C8ZG6E5446,BANQUE DE COMMERCE ET DE PLACEMENTS SA [ACTIVE] | Banque de Commerce et de Placements SA [ACTIVE]
Farm Credit Mid-America,US,1,fuzzy,2549001STASYM105JR08;5493006JISETNI0GLE61,"Farm Credit Mid-America, PCA [ACTIVE] | Farm Credit Mid-America, ACA [ACTIVE]"
China International Capital Corporation Limited,CN,1,other_name_exact,529900F3MJB9KB5Z4V24;529900OS3SVVTT56QN67,中金期货有限公司 [ACTIVE] | 中国国际金融股份有限公司 [ACTIVE]
GTS-Holding B.V.,NL,1,legal_exact,7245005V1PM47UAX0X31;7245006WDBL70IF8VJ62,GTS Holding B.V. [ACTIVE] | GTS-Holding B.V. [ACTIVE]
QUANTUM,US,1,legal_core,5493007210175UIK7S88;549300HQPLN40YTRSL84;549300N08KWU11RFO340,Quantum Corporation [ACTIVE] | QUANTUM CREDIT UNION [ACTIVE] | QUANTUM INVESTMENTS LTD. [ACTIVE]
Greenlight Capital,US,1,legal_core,7V477JVQ7ELL2YP4JD61;KJ4X2QKKG3K6PVOW7F88;LPGYPYH1R33EGB7SMF73,"GREENLIGHT CAPITAL, L.P. [ACTIVE] | GREENLIGHT CAPITAL, INC. [ACTIVE] | GREENLIGHT CAPITAL LP [ACTIVE]"
"Novantas, Inc.",US,1,legal_exact,54930090OTWQCTY15B19;549300NBPHPTUPTS8070,Novantas Inc. [ACTIVE] | NOVANTAS INC. [ACTIVE]
Baytex Energy Ltd.,CA,1,legal_exact,549300QVRPF55YS4I188;9845004B98069CEBE122;984500F855F42F64DC84,BAYTEX ENERGY LTD. [ACTIVE] | BAYTEX ENERGY LTD. [ACTIVE] | BAYTEX ENERGY LTD. [ACTIVE]
United Community Bank,US,3,legal_exact,5493000XYE7QL54NMB52;549300O2UK5FUZXQJO34;549300ZVWOLYDJWFNX02;T68X8LLAQYRNDV034K14,United Community Bank [ACTIVE] | United Community Bank [ACTIVE] | United Community Bank [ACTIVE] | United Community Bank [ACTIVE]
ARIA S.p.A.,IT,1,legal_core,8156004A71DC12B1D694;81560072268A2640BF66;815600B8644FCF7CB631,ARIA S.R.L. [ACTIVE] | ARIA S.R.L [ACTIVE] | ARIA SRL [ACTIVE]
Raymond James,CA,1,legal_core,549300QR3RXJKWZMK182;9845000D4AB6D9B2AA23,RAYMOND JAMES LTD. [ACTIVE] | Raymond James (USA) Ltd. [ACTIVE]
Carvana,US,1,legal_core,5493003WEAK2PJ5WS063;549300K1RHKSSKLUWH33,"CARVANA CO. [ACTIVE] | CARVANA, LLC [ACTIVE]"
"EUROP ASSISTANCE, S.A.",FR,1,legal_core,9695008E6296RUK5A776;9845004568C0BF4DBC15,EUROP ASSISTANCE [ACTIVE] | EUROP ASSISTANCE [ACTIVE]
WorldPay (UK) Limited,GB,3,legal_exact,213800LXYGUXTTAINM18;213800ZYUELJCOU3PP25,WORLDPAY LIMITED [ACTIVE] | WORLDPAY (UK) LIMITED [ACTIVE]
REPUBLIC NATIONAL DISTRIBUTING COMPANY,US,1,legal_core,549300FSQM3YBMRT2U54;549300XHS8YJUK4EPM86,"REPUBLIC NATIONAL DISTRIBUTING COMPANY, LLC [ACTIVE] | REPUBLIC NATIONAL DISTRIBUTING COMPANY, LLC [ACTIVE]"
METIS S.R.L.,IT,1,legal_exact,8156002AF8275F5E5E87;8156002F00D3AE134424;8156003C794B1B5DA317;81560058D96717FD8985;815600AF03EE8D8C0187;815600C6436128851318;815600F9995C33D0BD50,METIS S.R.L. [ACTIVE] | METIS S.R.L. [ACTIVE] | METIS S.R.L. [ACTIVE] | METIS S.R.L. [ACTIVE] | METIS S.R.L. [ACTIVE] | METIS S.R.L. [ACTIVE] | METIS S.R.L. [ACTIVE]
Saxo Bank A/S,DK,1,legal_exact,549300TL5406IC1XKD09;7245008IMDLKTD1H4G15;984500DE71B45074B789,SAXO BANK A/S [ACTIVE] | Saxo Bank A/S [ACTIVE] | SAXO BANK A/S [ACTIVE]
CA Indosuez Wealth (Europe) S.A.,LU,1,legal_core,222100BO5R540I7DI750;549300UA2M7UCJX8SE64,CA Indosuez Wealth (Asset Management) [ACTIVE] | CA INDOSUEZ WEALTH (EUROPE) [ACTIVE]
EMF Inc.,US,1,legal_core,254900BFAN1RNSSL8F11;5493000KHS27FEI0CF15,"EMF, LLC [ACTIVE] | EMF LLC [ACTIVE]"
Leonardo S.p.A.,IT,2,legal_core,254900WOZB9CB1SG1O75;529900X4EEX1U9LN3U39;815600178A212187E074;8156001E441A3EE97555;8156001FB6076273FB47;8156003EF5BCEC6B8542;8156005210626B411912;8156006593AC2C8A5447;815600886EA45A8B8092;8156008ACF66844DAD59;8156008E804CDBA04A35;815600A223653D6EE715;815600A51170193DEB53;815600CFE5AAC97D1916;8945000P8N74WK398448;8945001KSYRIRQQID007;894500OXNNQNUKP3M486,Leonardo Società Semplice [ACTIVE] | LEONARDO - SOCIETA' PER AZIONI [ACTIVE] | LEONARDO SOCIETA' SEMPLICE [ACTIVE] | LEONARDO S.R.L. [ACTIVE] | LEONARDO S.R.L. [ACTIVE] | LEONARDO S.R.L. [ACTIVE] | LEONARDO S.R.L. [ACTIVE] | LEONARDO SRL [ACTIVE] | LEONARDO SRL [ACTIVE] | LEONARDO S.R.L. [ACTIVE] | LEONARDO S.R.L. [ACTIVE] | LEONARDO S.R.L. [ACTIVE] | LEONARDO S.R.L. [ACTIVE] | LEONARDO S.R.L. [ACTIVE] | LEONARDO S.R.L. [ACTIVE] | LEONARDO SOCIETA' COOPERATIVA [ACTIVE] | LEONARDO S.R.L. [ACTIVE]
Summit Credit Union,US,1,legal_exact,2549006CSAAG67CX8Z55;254900NTAC4H10MGSU23,Summit Credit Union [ACTIVE] | Summit Credit Union [ACTIVE]
Cornerstone Bank,US,1,legal_exact,254900QXGTL5RYZXK761;5493003LIT6MPMIF5W07;5493005DJAOTPGS83Z81;549300MNVXT92RBYBF93,Cornerstone Bank [ACTIVE] | Cornerstone Bank [ACTIVE] | Cornerstone Bank [ACTIVE] | Cornerstone Bank [ACTIVE]
Norwest Venture Partners,US,1,fuzzy,549300V0P23MYQZZIS23,"NORWEST VENTURE PARTNERS X, LP [ACTIVE]"
ARGO S.A.,PL,1,legal_core,2594008H72JE6G42IJ96;259400I0L6ZT6A0YS445,"""ARGO"" SPÓŁKA AKCYJNA [ACTIVE] | ARGO SPÓŁKA Z OGRANICZONĄ ODPOWIEDZIALNOŚCIĄ [ACTIVE]"
"Indian Institute of Technology (IIT), Goa",IN,2,fuzzy,33580048SAOKJO4JQM67;335800YMVK5NJ3P5CB26;984500D745D81459I572,INDIAN INSTITUTE OF TECHNOLOGY (BANARAS HINDU UNIVERSITY) [ACTIVE] | INDIAN INSTITUTE OF TECHNOLOGY (INDIAN SCHOOL OF MINES) [ACTIVE] | INDIAN INSTITUTE OF TECHNOLOGY [ACTIVE]
Citizens Bank,US,1,legal_exact,254900RQ2FMUUUQUGI02;54930023OB56DYOL3G92;5493002FSR6V2NM1K863;5493004EVKOLRF3JI477;549300CABYW2DE2UTD57;549300E035FX7XMJ6713;549300H8FMI4YLI7X514;549300M723MK3TTJ2783;549300MOKX1F2TX1WK17;549300V4UDO1FVIAXD70;549300V7I9AZRM78QT92;549300WV31PDXKIYPW48;549300YSNNGTWBX45K83;549300ZRZZ5VMD9PF263,CITIZENS BANK [ACTIVE] | Citizens Bank [ACTIVE] | Citizens Bank [ACTIVE] | The Citizens Bank [ACTIVE] | Citizens Bank [ACTIVE] | Citizens Bank [ACTIVE] | The Citizens Bank [ACTIVE] | The Citizens Bank [ACTIVE] | Citizens Bank [ACTIVE] | The Citizens Bank [ACTIVE] | Citizens Bank [ACTIVE] | Citizens Bank [ACTIVE] | The Citizens Bank [ACTIVE] | Citizens Bank [ACTIVE]
Hellmann Worldwide Logistics GmbH & Co KG,DE,1,legal_core,52990001WYI3JC9TK021;52990048VBWM9ZPUHJ41;5299007YHTRWA7O47M19;529900MHV1BTD0G16Q89;529900S63XEIXIXTJV36,Hellmann Worldwide Logistics B.V. [ACTIVE] | Hellmann Worldwide Logistics s.r.o. [ACTIVE] | HELLMANN WORLDWIDE LOGISTICS SA [ACTIVE] | Hellmann Worldwide Logistics SRL [ACTIVE] | Hellmann Worldwide Logistics SE & Co. KG [ACTIVE]
A2A Spa,IT,1,legal_core,81560076E3944316DB24;8156007A915879B50C41,A2A S.P.A. [ACTIVE] | A2A S.R.L. [ACTIVE]
Digital Federal Credit Union,US,1,legal_core,9845001F0CA3E856C364;984500ECB5FCFPA8A560,Digital Investments Inc. [ACTIVE] | DIGITAL LLC [ACTIVE]
Havas SAS,FR,1,legal_core,894500L53AVOFQK7T710;969500C7Z2ZGEXX0JU63;969500EGYS5J8YJ6P956,Havas N.V. [ACTIVE] | HAVAS(HAV2) [ACTIVE] | HAVAS [ACTIVE]
RHB Bank Berhad,MY,1,legal_exact,2549002ZJFR82IL68010;254900QPUP63YC2E0Z47;549300ZHRPSV7QIUJT80,RHB BANK BERHAD [ACTIVE] | RHB Bank Berhad (Bangkok Branch) [ACTIVE] | RHB BANK BERHAD [ACTIVE]
Hannover Rueck SE,DE,1,fuzzy,5299004XX40LWP0QF769;529900KIN5BE45V5KB18,Hannover Rück Stiftung [ACTIVE] | Hannover Rück SE [ACTIVE]
Point72 Asia (Hong Kong) Limited,HK,1,other_name_exact,549300K425NZPOBVYA76;549300WXNKVWCDE8HZ98,Point72 Japan Limited [ACTIVE] | Point72 Hong Kong Limited [ACTIVE]
Miejskie Przedsiebiorstwo Wodociagow i Kanalizacji S.A.,PL,1,legal_core,259400DD9SC8JIDBM268;259400ITO2Z5YVF8QD75,MIEJSKIE PRZEDSIĘBIORSTWO WODOCIĄGÓW I KANALIZACJI SPÓŁKA Z OGRANICZONĄ ODPOWIEDZIALNOŚCIĄ [ACTIVE] | Miejskie Przedsiębiorstwo Wodociągów i Kanalizacji Spółka z ograniczoną odpowiedzialnością [ACTIVE]
"Lindt & Sprungli (USA), Inc.",US,1,legal_exact,52990031TXSC09PTL640;529900OVQYNNMK51N756,LINDT & SPRUNGLI (USA) INC. [ACTIVE] | LINDT & SPRUNGLI (NORTH AMERICA) INC. [ACTIVE]
"Match Group, LLC",US,1,legal_core,15OMOPB0A8K0EFUVD031;549300BIJKT86CPCKK96,"MATCH GROUP, INC. [ACTIVE] | Match Group, Inc. [ACTIVE]"
Energir L.P.,CA,1,legal_core,549300SULPFDEWWFVD15;549300TVKZM22UUX5J37,"Énergir Inc. [ACTIVE] | Énergir, s.e.c. [ACTIVE]"
ACP IT Solution AG,DE,1,fuzzy,391200WY5JSC5CJKMZ57;391200ZJ83144PAB9I52;5299004DENFRJNV8JV48;894500CI7PX2MUE4QE83,ACP IT Solutions AG [ACTIVE] | ACP IT Solutions GmbH [ACTIVE] | ACP IT Solutions AG [ACTIVE] | ACP IT Solutions AG [ACTIVE]
Mechanics Bank,US,1,legal_exact,254900048S1FLI3G2922;549300TF1E42EUFBSL45,MECHANICS BANK [ACTIVE] | Mechanics Bank [ACTIVE]
LOGICA S.R.L.,IT,1,legal_exact,8156002CE721E912B871;81560031CFC5DE4C3923;815600744CB493E3D003;81560075FBE775793D89;8156007E99B1C32D5164;815600970F25E8C21161;815600B94F010A309727,LOGICA S.R.L. [ACTIVE] | LOGICA S.R.L. [ACTIVE] | LOGICA S.R.L. [ACTIVE] | LOGICA S.R.L. [ACTIVE] | LOGICA S.R.L. [ACTIVE] | LOGICA S.R.L. [ACTIVE] | LOGICA S.R.L. [ACTIVE]
"Cowen Group, Inc",US,2,other_name_exact,5493008QI0EFC5WBED75;549300UTZB77CD3NCJ97,"COWEN INC. [ACTIVE] | COWEN HOLDINGS, INC. [ACTIVE]"
Pacificorp,US,2,legal_exact,549300ZTVE6OQPBMIG23;SGY07Y7FNYBNLM6Z1M11,PacifiCorp [ACTIVE] | PacifiCorp [ACTIVE]
KPMG LLP,GB;US,2,legal_exact,213800S5DHQ6VQ38DY65;5493003PVCIGA21K0K42,KPMG LLP [ACTIVE] | KPMG LLP [ACTIVE]
Redwood Credit Union,US,1,legal_core,254900KAZP5378E26S21;254900Q3WX1ZA4HMYG47;5493001WRXQTCKCA6205;5493004W91KB1UQC7786;5493009VX60UN6LOWM19;549300EY2376P6C77F47,"Redwood LLC [ACTIVE] | Redwood Investments, LLC [ACTIVE] | REDWOOD [ACTIVE] | Redwood Investments, LLC [ACTIVE] | Redwood Investments, L.L.C. [ACTIVE] | REDWOOD INVESTMENTS, LLC [ACTIVE]"
The Citizens Bank,US,1,legal_exact,254900RQ2FMUUUQUGI02;54930023OB56DYOL3G92;5493002FSR6V2NM1K863;5493004EVKOLRF3JI477;549300CABYW2DE2UTD57;549300E035FX7XMJ6713;549300H8FMI4YLI7X514;549300M723MK3TTJ2783;549300MOKX1F2TX1WK17;549300V4UDO1FVIAXD70;549300V7I9AZRM78QT92;549300WV31PDXKIYPW48;549300YSNNGTWBX45K83;549300ZRZZ5VMD9PF263,CITIZENS BANK [ACTIVE] | Citizens Bank [ACTIVE] | Citizens Bank [ACTIVE] | The Citizens Bank [ACTIVE] | Citizens Bank [ACTIVE] | Citizens Bank [ACTIVE] | The Citizens Bank [ACTIVE] | The Citizens Bank [ACTIVE] | Citizens Bank [ACTIVE] | The Citizens Bank [ACTIVE] | Citizens Bank [ACTIVE] | Citizens Bank [ACTIVE] | The Citizens Bank [ACTIVE] | Citizens Bank [ACTIVE]
"Mizuho Bank, Ltd",JP,2,legal_exact,254900O5B06Y1EPP2H33;549300IJV8X2BVHFN697;549300Q1SX5HWRYOW028,"Mizuho Bank, Ltd. [ACTIVE] | MIZUHO BANK, LTD. [ACTIVE] | MIZUHO BANK, LTD. [ACTIVE]"
"Verity, Inc.",US,1,legal_core,5493002DJXPFQR1E9F38;549300XHF3PMRO08N352,"Verity Investments, LLC [ACTIVE] | VERITY [ACTIVE]"
Impulso Srl,IT,1,legal_exact,815600347B76326A0110;815600B553D7CB8A7C85,IMPULSO SRL [ACTIVE] | IMPULSO SRL [ACTIVE]
Auriga SpA,IT,1,legal_core,81560034920A2790A719;81560070B385751A4F41,AURIGA S.R.L. [ACTIVE] | AURIGA S.P.A. [ACTIVE]
ISABEL N.V.,BE,1,legal_core,529900ULZO7S7JYJ9X64;699400YHOMH10LTTHX23,ISABEL [ACTIVE] | Isabel [ACTIVE]
OM SAI ENTERPRISES,IN,1,legal_exact,335800AVBAHVZ68LVR15;335800FT0OO17ZY0CA65;335800ON4VYRDVHCHP12;335800RE2G6W4Q1WRT98;6488W1B6K6RS3L08L126,OM SAI ENTERPRISES [ACTIVE] | OM SAI ENTERPRISES [ACTIVE] | OM SAI ENTERPRISES [ACTIVE] | OM SAI ENTERPRISES [ACTIVE] | OM SAI ENTERPRISES [ACTIVE]
Swisscom (Schweiz) AG,CH,13,legal_exact,5493005SL9HHOXS3B739;549300JLQCS5OYYYFS40,Swisscom AG [ACTIVE] | Swisscom (Schweiz) AG [ACTIVE]
SAM,US,1,legal_core,549300CVFVK22IB05698;549300WK39I0B8856091,"Sam Investments, Inc. [ACTIVE] | Sam CC, LLC [ACTIVE]"
Morgan Stanley & Co. International PLC,GB,1,legal_exact,4PQUHN3JPFGFNF3BB653;5493001SH1U3XDR9VW46,MORGAN STANLEY & CO. INTERNATIONAL PLC [ACTIVE] | MORGAN STANLEY & CO. INTERNATIONAL PLC (PARIS BRANCH) [ACTIVE]
Royal Realty Corp.,US,1,legal_core,5493005BUWROUO1OPF54;X5Q5YNMWANUI20BYEL70,"Royal Realty, LLC [ACTIVE] | Royal Realty, LLC [ACTIVE]"
Celebrus Technologies plc,GB,1,legal_exact,213800HP3XUS3KTGWT63;984500DJF88E9FFCA882,CELEBRUS TECHNOLOGIES PLC [ACTIVE] | CELEBRUS TECHNOLOGIES PLC [ACTIVE]
Community Bank,US,1,legal_exact,254900R028OZZTTP5D53;5493002HHKWZSFP7AI61;54930056PR716B2KIG98;5493007G0MFTSE8JPV83;5493008JDUT3R3K1LZ58;549300FVMNIRTHZI8Z30;549300NBORKS5M7WQU59;549300YK8RG6J51VOI08,Community Bank [ACTIVE] | Community Bank [ACTIVE] | Community Bank [ACTIVE] | The Community Bank [ACTIVE] | Community Bank [ACTIVE] | Community Bank [ACTIVE] | The Community Bank [ACTIVE] | Community Bank [ACTIVE]
Terega SA,FR,1,legal_core,969500D9BIKJL7H9TB80;969500Y0L922VYT3UI51,TEREGA [ACTIVE] | TEREGA [ACTIVE]
Barclays Bank PLC,GB;IT,4,legal_exact,2549003Q5J2G7ALNU316;G5GSEF7VJP5I7OUK5573,BARCLAYS BANK PLC [ACTIVE] | BARCLAYS BANK PLC [ACTIVE]
Bank Saderat Iran PJSC,IR,1,legal_core,2763RIUHRUXVYE8VBI52;549300KBNGV4NYY3GE68;894500MDF6I8J93LO347,BANK SADERAT IRAN [ACTIVE] | BANK SADERAT IRAN [ACTIVE] | BANK SADERAT IRAN [ACTIVE]
American Bureau of Shipping,US,1,legal_exact,335800TZK2PU6UC9IG56;549300IZD34FIG7DKF25,AMERICAN BUREAU OF SHIPPING [ACTIVE] | AMERICAN BUREAU OF SHIPPING [ACTIVE]
Battery Ventures,US,1,fuzzy,5493001ZNLR9R76OZR73;549300GS6YE6TH8ESH07,"Battery Ventures X, L.P. [ACTIVE] | Battery Ventures X (AIV I), L.P. [ACTIVE]"
The Timken Company,US,1,legal_exact,5493005V7UUD4PX0MI65;B0I35MLPFXZSE70ASS73,THE TIMKEN COMPANY [ACTIVE] | THE TIMKEN COMPANY [ACTIVE]
TOYA S.A.,PL,1,legal_core,259400A803VVMK5TTW96;259400ZNCJSNT4JBBE60,"""TOYA"" SPÓŁKA AKCYJNA [ACTIVE] | ""TOYA""-SPÓŁKA Z OGRANICZONĄ ODPOWIEDZIALNOŚCIĄ [ACTIVE]"
ARINC INCORPORATED,US,2,legal_exact,549300YAIIPE8C761D55;894500P5YZE4BKIKY305;894500X9AEAO4CU6X776,ARINC INCORPORATED [ACTIVE] | ARINC INCORPORATED [ACTIVE] | ARINC INCORPORATED [ACTIVE]
Swedbank AS,EE;LV,2,legal_exact,549300FXBIWWGK7T0Y98;549300PHQZ4HL15HH975,"""Swedbank"" AS [ACTIVE] | SWEDBANK AS [ACTIVE]"
Systemair AB,SE,1,legal_core,529900RK1R6HF8KKOI20;549300G4QTHHQBFXU680,Systemair Aktiebolag [ACTIVE] | Systemair Inc. [ACTIVE]
AUSTRALIA AND NEW ZEALAND BANKING GROUP LIMITED,AU,3,legal_exact,894500UPOAKVAFI0LP62;JHE42UYNWWTJB8YTTU19,AUSTRALIA AND NEW ZEALAND BANKING GROUP LIMITED [ACTIVE] | AUSTRALIA AND NEW ZEALAND BANKING GROUP LIMITED [ACTIVE]
MELLON TECHNOLOGIES SA,GR,1,other_name_core,2138003SAV4PKPT7CO20;213800MWBKWQJV1ROX61,Ν. ΠΕΤΡΑΚΟΠΟΥΛΟΣ ΕΜΠΟΡΙΚΗ ΒΙΟΜΗΧΑΝΙΚΗ ΣΥΣΤΗΜΑΤΩΝ ΥΨΗΛΗΣ ΤΕΧΝΟΛΟΓΙΑΣ ΚΑΙ ΠΑΡΟΧΗΣ ΥΠΗΡΕΣΙΩΝ ΑΝΩΝΥΜΗ ΕΤΑΙΡΕΙΑ [ACTIVE] | MELLON TECHNOLOGIES ΑΝΩΝΥΜΗ ΕΜΠΟΡΙΚΗ ΕΤΑΙΡΕΙΑ ΣΥΣΤΗΜΑΤΩΝ ΚΑΙ ΥΠΗΡΕΣΙΩΝ - ΙΔΙΩΤΙΚΗ ΕΠΙΧΕΙΡΗΣΗ ΠΑΡΟΧΗΣ ΥΠΗΡΕΣΙΩΝ ΑΣΦΑΛΕΙΑΣ [ACTIVE]
Core Laboratories,US,1,legal_core,549300TV21RJZCR7XG31;984500040P5J07V43135,CORE LABORATORIES LP [ACTIVE] | CORE LABORATORIES INC. [ACTIVE]
FIDELIS MARKETING LIMITED,GB,1,legal_exact,254900AP9ZPI9I203M24;254900IVND16WQS4HR59,Fidelis Marketing Limited (Irish Branch) [ACTIVE] | FIDELIS MARKETING LIMITED [ACTIVE]
ACI,US,1,other_name_core,2549009EJX4RLCQ9V222;254900SM6PCNBV2T1T84,ACI WORLDWIDE (PACIFIC) PTY LTD [ACTIVE] | ACI WORLDWIDE (ASIA) PTE. LTD. [ACTIVE]
Avaya LLC,US,2,legal_core,J6LB5QIFSP2MFEFG4U76;VHRNGLJ5ARTGZCG24265,AVAYA INC. [ACTIVE] | AVAYA (JAPAN) LTD. [ACTIVE]
Gates Foundation,US,1,legal_exact,254900958LQ75NB9GC08;335800ELY8A4QWLXQW56,Gates Foundation [ACTIVE] | GATES FOUNDATION [ACTIVE]
Ambrian Energy GmbH,DE,1,legal_exact,529900QDORH8WEHMNM46;529900YZBVFP7OBWP932,Ambrian Energy GmbH [ACTIVE] | Ambrian Energy GmbH [ACTIVE]
Heritage Bank,US,1,legal_exact,254900QOUFAVP0L4K777;5493000H7FLU47PQYQ10;549300Z2B4FHRYOXTS09,Heritage Bank [ACTIVE] | Heritage Bank [ACTIVE] | Heritage Bank [ACTIVE]
Edelweiss Securities Limited,IN,1,other_name_exact,3358002Y23HZBJW49C38;335800GD8Z8M57SWW617,NUVAMA WEALTH MANAGEMENT LIMITED [ACTIVE] | NUVAMA CAPITAL SERVICES (IFSC) LIMITED [ACTIVE]
MetLife,US,1,legal_core,254900DO7QJ1QGIUU724;254900Q2FLTKUJ5YY944;5493002C53S6GXZ78P81;C4BXATY60WC6XEOZDX54,"METLIFE INVESTMENTS PTY LIMITED [ACTIVE] | MetLife Insurance Limited [ACTIVE] | MetLife Investments Limited [ACTIVE] | METLIFE, INC. [ACTIVE]"
AirPlus International GmbH,DE,1,legal_exact,254900EJ351OA759VQ09;529900046FVSVFC80V70;724500R0A4DYTR3KW367,AIRPLUS INTERNATIONAL GMBH [ACTIVE] | AirPlus International GmbH [ACTIVE] | AirPlus International GmbH [ACTIVE]
Delen Private Bank NV,BE,1,legal_core,54930005DD2HH36LIR91;724500YSOB5DV93M6T52,DELEN PRIVATE BANK [ACTIVE] | Delen Private Bank [ACTIVE]
"WesBanco Bank, Inc.",US,1,legal_exact,5493005BSPGKDXD8KD70;QGPGHQ1ENZOOLJRFTH41,"WesBanco Bank, Inc. [ACTIVE] | WesBanco Bank, Inc. [ACTIVE]"
Bank Alfalah Limited,PK,1,legal_exact,25490030MB3LJ3S8TQ65;2549007VBBNOQL2IVZ08;254900FDBLDAFSYUA809;254900LDYRNZ8O4YGP23,Bank Alfalah Limited [ACTIVE] | Bank Alfalah Limited [ACTIVE] | Bank Alfalah Limited [ACTIVE] | Bank Alfalah Limited [ACTIVE]
"Eos Management, Inc.",US,1,legal_core,549300JFGLOUPH211649;549300VO0Q11D4HFGQ37,"EOS MANAGEMENT, L.P. [ACTIVE] | EOS MANAGEMENT, LLC [ACTIVE]"
Farm Credit Services of America,US,2,fuzzy,2549007UWLLXTAVAFR85,"Farm Credit Services of America, PCA [ACTIVE]"
Vodafone Ltd,GB,1,legal_core,213800XCXOXMW1AFMJ64;213800XDQ4JIXUFC5K23,VODAFONE LIMITED [ACTIVE] | VODAFONE FINANCE LIMITED [ACTIVE]
"Rogers Group, Inc.",US,1,legal_exact,549300YN7864A1J2U953;6K4JWKRXFA9GD0NPI161,"ROGERS GROUP, INC. [ACTIVE] | Rogers Group, Inc. [ACTIVE]"
"Infor (US), LLC",US,3,legal_exact,549300Q3IIYBYI4RHD64;CIOT8TLNSHRE7MIBDR09,"INFOR, LLC [ACTIVE] | INFOR (US), LLC [ACTIVE]"
Housing Bank for Trade and Finance PLC.,JO,1,other_name_core,25490080W5BR794FYW42;254900W1L0OY9FNPEA02,بنك الإسكان للتجارة والتمويل [ACTIVE] | بنك الاسكان للتجارة والتمويل [ACTIVE]
CLSA Ltd,HK,1,legal_core,213800OZSOO4CYFYIW32;213800VZMAGVIU2IJA72,CLSA B.V. [ACTIVE] | CLSA (UK) [ACTIVE]
ABS ENTERPRISES,IN,1,legal_exact,648800WVQ8WE779YWP27;6488Y8SMGMC44725D303,ABS ENTERPRISES [ACTIVE] | ABS ENTERPRISES [ACTIVE]
GreenStone Farm Credit Services,US,1,fuzzy,5493005GVJZOXIAH3M79,"GREENSTONE FARM CREDIT SERVICES, ACA [ACTIVE]"
Airbus Defence and Space SAS,FR,2,legal_exact,254900VEHFUUJDMA2455;529900Y4XPC9XGDHPO82,AIRBUS DEFENCE AND SPACE SAS [ACTIVE] | AIRBUS DEFENCE AND SPACE SAS [ACTIVE]
Enbridge Pipelines Inc.,CA,1,legal_exact,549300I7CU6YE54FMU33;549300L85Y760EGOS443,ENBRIDGE PIPELINES INC. [ACTIVE] | Enbridge Pipelines (Athabasca) Inc. [ACTIVE]
China Construction Bank,CN,2,legal_core,2549006EHFY98CQJZN84;2549008XLHWW5H9K1389;378900DD80F66453EC67,China Construction Bank Corporation [ACTIVE] | CHINA CONSTRUCTION BANK (NEW ZEALAND) LIMITED [ACTIVE] | China Construction Bank Corporation (Incorporated in China) [ACTIVE]
University of Kentucky Federal Credit Union,US,1,legal_core,549300CXE3YQ1HXYCQ71;549300V5YG1VXZAU5G02,University of Kentucky [ACTIVE] | UNIVERSITY OF KENTUCKY [ACTIVE]
G.T. SRL,IT,1,legal_core,8156003CC74CFA1EA004;81560071624696BC9F98;815600B57DBB57432572;98450070DCB9948BE393,G.T. - S.R.L. [ACTIVE] | G.T. S.R.L. [ACTIVE] | G.T. S.R.L. [ACTIVE] | G.T. S.R.L. [ACTIVE]
SECUTEC BV,BE,1,legal_core,2549004L3KP3L8RNIJ35;254900WA7SWV3KZ8IV43,SECUTEC [ACTIVE] | Secutec Corporation [ACTIVE]
Clio S.R.L,IT,2,legal_exact,815600584831939C3306;81560070A2C27EBE3C96,CLIO S.R.L. [ACTIVE] | CLIO S.R.L. [ACTIVE]
"Strata, Inc.",US,1,legal_core,549300NUXQ4W0A4MEN35;549300NXYX3K4WQSGJ17,STRATA CORPORATION [ACTIVE] | STRATA Credit Union [ACTIVE]
ADVANIA UK LIMITED,GB,1,legal_exact,2138009KEN26GJFPKW76;213800MMYFOPSZ61XL64;8945003PC1ZMYYOBKA04,ADVANIA UK (SERVIUM) LIMITED [ACTIVE] | ADVANIA UK LIMITED [ACTIVE] | ADVANIA UK (CCS) LIMITED [ACTIVE]
Macarne Limited,GB;HK,3,legal_exact,25490072Q9D0I8PQ5R27;254900Y85WY94UHMEY24,MACARNE LIMITED [ACTIVE] | Macarne Limited [ACTIVE]
Garg Associate,IN,1,fuzzy,894500S9R0PXUL54ZA58;984500I975042DLEB720,GARG ASSOCIATES [ACTIVE] | GARG ASSOCIATES PRIVATE LIMITED [ACTIVE]
Banque Internationale a Luxembourg SA,LU,1,legal_core,8945007OZPAXKLJP1M70;9CZ7TVMR36CYD5TZBS50,Banque Internationale à Luxembourg [ACTIVE] | Banque Internationale à Luxembourg [ACTIVE]
NATS (En Route) Ltd,GB,1,legal_core,213800AOOCT6JKFY6Z68;213800FF94N2CZ3M9G60;213800RCCVXOSLTPK597,NATS (EN ROUTE) PUBLIC LIMITED COMPANY [ACTIVE] | NATS (SERVICES) LIMITED [ACTIVE] | NATS LIMITED [ACTIVE]
Banco de Sabadell SA,ES,2,legal_core,98450059754BAAFB6F98;SI5RG2M0WQQLZCXKRM20,BANCO DE SABADELL [ACTIVE] | BANCO DE SABADELL S.A. [ACTIVE]
Bird B.V.,NL,2,legal_exact,64883SPF044A77FPY021;724500CB9LGAEG7FGW61,Bird B.V. [ACTIVE] | Bird B.V. [ACTIVE]
BNP PARIBAS S.A.,FR,10,legal_core,2763TSAJ0VP4CVMFM028;R0MUWSFPU8MPRO8K5P83,BNP PARIBAS [ACTIVE] | BNP PARIBAS [ACTIVE]
SISTEMI SPA,IT,1,legal_core,81560084238DD6D3EB80;9845008B4700B2A85575,SISTEMI S.R.L. [ACTIVE] | SISTEMI S.R.L. [ACTIVE]
BANK OF JORDAN CO. LTD.,JO,1,legal_core,254900AAXL5Q96T8A168;254900DM7689GA2MD992;254900XI5ZZJOK7NC049,Bank of Jordan [ACTIVE] | Bank of Jordan Company [ACTIVE] | Bank of Jordan [ACTIVE]
National Bank of Pakistan,PK,1,legal_exact,391200B8N7KWZADUJM27;558600ZCXHMK0GWNY556,National Bank of Pakistan [ACTIVE] | NATIONAL BANK OF PAKISTAN [ACTIVE]
Kleemann GmbH,DE,1,legal_exact,529900566ZN2090ZII93;9845004D91L07082EE12,KLEEMANN GMBH [ACTIVE] | Kleemann GmbH [ACTIVE]
Klarna Bank AB,SE,2,legal_exact,549300O3HXYXXUHR0897;9845004D5B14SCBE7459,Klarna Bank AB [ACTIVE] | KLARNA BANK AB [ACTIVE]
The Salvation Army,US,2,legal_exact,5493005FGG4Y2YFTNM14;549300UQ1LCLSQQ6V491;549300X1SK5BYB8TRH36;REBY2QYKWTQSD2UTPK35,THE SALVATION ARMY [ACTIVE] | THE SALVATION ARMY [ACTIVE] | The Salvation Army [ACTIVE] | THE SALVATION ARMY [ACTIVE]
EDUCATORS CREDIT UNION,US,1,legal_exact,549300FS35FQXZRU4Z45;8945002AZSML1PBU6N20,EDUCATORS CREDIT UNION [ACTIVE] | EDUCATORS CREDIT UNION [ACTIVE]
Copernico s.r.l.,IT,1,legal_exact,5493002BX0VHRPGT2S61;81560034788F94228E95,COPERNICO S.R.L. [ACTIVE] | COPERNICO S.R.L. [ACTIVE]
"UNION BANCAIRE PRIVEE, UBP SA",CH,2,legal_exact,549300PEHUAW62538U24;549300VC6IRQ4ONXWV33;IPLPO8C7P68Q5FFRI280,"UNION BANCAIRE PRIVEE, UBP SA [ACTIVE] | UNION BANCAIRE PRIVEE, UBP SA [ACTIVE] | UNION BANCAIRE PRIVEE, UBP SA [ACTIVE]"
Princeton Digital Group (Singapore) SG1 Pte. Ltd.,SG,1,fuzzy,98450080F076DBCC1561;984500B0E60B9EF4DC15,PRINCETON DIGITAL GROUP (ASIA) PRIVATE LIMITED [ACTIVE] | PRINCETON DIGITAL GROUP (SINGAPORE ALPHA) PTE. LIMITED [ACTIVE]
Scania CV AB,SE,1,legal_core,254900M0EVSUA9NW9840;52990000AKKX75BMWB43;529900BZYSUQLQSPNR07,SCANIA CV AKTIEBOLAG [ACTIVE] | SCANIA Aktiebolag [ACTIVE] | Scania CV Aktiebolag [ACTIVE]
CNA Servizi s.c.r.l.,IT,1,legal_core,815600A23BD277CFA083;815600D5B4828F078315,CNA SERVIZI S.R.L. [ACTIVE] | CNA SERVIZI S.R.L. [ACTIVE]
Limited Liability Company NTCOM,RU,1,fuzzy,254900512TOPXD0SWI45,"Limited Liability Company ""Norma"" [ACTIVE]"
Skandinaviska Enskilda Banken AB,SE,1,legal_exact,724500BFBKP04K9G8B60;F3JS33DEI6XQ4ZBPTN86,Skandinaviska Enskilda Banken AB [ACTIVE] | Skandinaviska Enskilda Banken AB [ACTIVE]
First Financial Bank NA,US,1,fuzzy,254900CNZPI5WN45KW48;549300IVURCTJ6QVMD67;549300YIZECN2NB3I529;MV4O55SH8HO6KQSGW013,First Financial Bank [ACTIVE] | First Financial Bank [ACTIVE] | First Financial Bank [ACTIVE] | First Financial Bank [ACTIVE]
Five Star Bank,US,1,legal_exact,5493006LH4LKHY2EIN26;549300GYK7N8U42X9587,Five Star Bank [ACTIVE] | Five Star Bank [ACTIVE]
First American Bank,US,1,legal_exact,5493005KZM1DEUYVS783;XC7Z0BA39TU7L1AKOJ12,First American Bank [ACTIVE] | First American Bank [ACTIVE]
AltaLink LP,CA,1,legal_core,549300FMC7ABSCYLX778;549300QLDB6NIVNOYC65,"ALTALINK, L.P. [ACTIVE] | ALTALINK INVESTMENTS, L.P. [ACTIVE]"
FENICE SRL,IT,1,legal_exact,815600EAD8ECACE54F54;815600FF7472C543A074;894500DR6HKSYVOOSR64;9845003F098C2BF1A123,"""FENICE SRL"" [ACTIVE] | FENICE SRL [ACTIVE] | FENICE SRL [ACTIVE] | FENICE SRL [ACTIVE]"
Rockwool A/S,DK,1,legal_exact,213800QRC7LNX935OZ09;213800YET2PHWGWXTS98,ROCKWOOL A/S [ACTIVE] | ROCKWOOL A/S [ACTIVE]
Balyasny Asset Management L.P.,US,1,legal_exact,549300VHOIR9DRECO718;IEY25V8W6D7HRX2LB395,BALYASNY ASSET MANAGEMENT (EQVOL) L.P. [ACTIVE] | BALYASNY ASSET MANAGEMENT L.P. [ACTIVE]
Goldman Sachs International,GB,2,legal_exact,549300R83Q2VTICWNV15;W22LROWP2IHZNBB6K528,GOLDMAN SACHS INTERNATIONAL [ACTIVE] | GOLDMAN SACHS INTERNATIONAL [ACTIVE]
SHAKTI ENTERPRISES,IN,1,legal_exact,254900LNAAU2THP8KQ45;3358004OHW1YQDK4WF11;335800NALRDRIOVVVT77;335800UF7KDQ5HLGQH59;648859T80ZE32BNZG346;6488Z52F6TF2209YMN69;894500JR71RXS43A8A32;9845001C3AME84BC4428;98450046G8607DBE8309;98450088O024605ELF75,SHAKTI ENTERPRISES [ACTIVE] | SHAKTI ENTERPRISES [ACTIVE] | SHAKTI ENTERPRISES [ACTIVE] | SHAKTI ENTERPRISES [ACTIVE] | SHAKTI ENTERPRISES [ACTIVE] | SHAKTI ENTERPRISES [ACTIVE] | SHAKTI ENTERPRISES [ACTIVE] | SHAKTI ENTERPRISES [ACTIVE] | SHAKTI ENTERPRISES [ACTIVE] | SHAKTI ENTERPRISES [ACTIVE]
Brown Advisory,US,1,legal_core,549300KMFGGW36I79D06;P288GKT06PXMRGV0QY85,BROWN ADVISORY LLC [ACTIVE] | BROWN ADVISORY INCORPORATED [ACTIVE]
AT & T,US,1,legal_core,4PD8YHHBETYIBWD91168;549300Z40J86GGSTL398,AT&T CORP. [ACTIVE] | AT&T INC. [ACTIVE]
Horizon Bank,US,1,legal_exact,549300S8PW45KP1BXG51;P7GC0W65KB5CEIHLDX81,Horizon Bank [ACTIVE] | Horizon Bank [ACTIVE]
Data Management S.r.l.,IT,2,legal_exact,984500B4E37C75EF6B07;984500F065E8D8CD9F29,DATA MANAGEMENT S.R.L. [ACTIVE] | DATA MANAGEMENT S.R.L. [ACTIVE]
STEL S.R.L.,IT,3,legal_exact,815600160C7229417987;815600BA7CC39B32A550;984500B0DB900AC55606,STEL S.R.L. [ACTIVE] | STEL S.R.L. [ACTIVE] | STEL S.R.L. [ACTIVE]
Arthur J. Gallagher & Co.,US,1,legal_exact,54930049QLLMPART6V29;549300W1LR6185MJVD75,ARTHUR J. GALLAGHER & CO. [ACTIVE] | Arthur J. Gallagher & Co. (Illinois) [ACTIVE]
"P. Schoenfeld Asset Management, LLC",US,1,legal_core,549300QV8QHGRC1V8N10;U4CM8G7R81JF4FNVS566,P. SCHOENFELD ASSET MANAGEMENT LLP [ACTIVE] | P. SCHOENFELD ASSET MANAGEMENT LP [ACTIVE]
Premier Bank,US,1,legal_exact,25490031SXYH24299E86;254900RZHOIGZ93T3S32;5493007NUZE2Z68U3P36,PREMIER BANK [ACTIVE] | Premier Bank [ACTIVE] | Premier Bank [ACTIVE]
EWR AG,DE,1,legal_core,5299006CHPP32MWH3F50;529900SSO2VKUX8MG045,EWR Aktiengesellschaft [ACTIVE] | EWR GmbH [ACTIVE]
Affinity Federal Credit Union,US,1,legal_core,5493004UNRG4PWDF2K60;549300Q0QG1CZF1H4O06,AFFINITY [ACTIVE] | AFFINITY [ACTIVE]
Huntington Place,US,1,legal_core,549300K4MF02QB76D531;549300VVCBKZ792PU717,"Huntington Place L.L.C. [ACTIVE] | HUNTINGTON PLACE, LLC [ACTIVE]"
HSBC Bank plc,GB,1,legal_exact,213800WBIA1XFRSKOM97;MP6I5ZYZBEU3UXPYFY54,HSBC BANK PLC (PARIS BRANCH) [ACTIVE] | HSBC BANK PLC [ACTIVE]
Simon Property Group LP,US,1,legal_core,529900GQL5X8H7AO3T64;MR92GTD0MJTTTTQDVG45,"SIMON PROPERTY GROUP, INC. [ACTIVE] | SIMON PROPERTY GROUP, L.P. [ACTIVE]"
Shubh Enterprises,IN,1,legal_exact,335800B9Q2WQ7VRA9844;335800MXBNV4BNSIUC84,SHUBH ENTERPRISES [ACTIVE] | SHUBH ENTERPRISES [ACTIVE]
Providence Equity Partners LLC,US,1,legal_core,254900HEWGKY7V7YSA95;ZL51JJATKJP127GF1215,Providence Equity Partners (Docente) S.C.Sp. [ACTIVE] | PROVIDENCE EQUITY PARTNERS L.L.C. [ACTIVE]
Cooper Union,US,1,legal_core,5493005KPLM64E4BE019;549300MEOYKC1JM99D36,"Cooper Farms, Inc. [ACTIVE] | Cooper AB, LLC [ACTIVE]"
Strata,US,1,legal_core,549300NUXQ4W0A4MEN35;549300NXYX3K4WQSGJ17,STRATA CORPORATION [ACTIVE] | STRATA Credit Union [ACTIVE]
Great Southern Bank,US,1,legal_exact,1TMVIO1SD0RLIPEIW803;549300KJAE0JN2Z6YV76,Great Southern Bank [ACTIVE] | Great Southern Bank [ACTIVE]
Arkea Direct Bank SA,FR,1,legal_core,549300W3KIN4AHKM6X10;969500EYUH381IUM2589,ARKEA DIRECT BANK [ACTIVE] | ARKEA DIRECT BANK [ACTIVE]
Equinix (Netherlands) B.V.,NL,5,legal_exact,25490057NO6X6RRNY603;5493000WWMF7GKM9Z338,Equinix (Netherlands) B.V. [ACTIVE] | EQUINIX (EMEA) B.V. [ACTIVE]
"Private Joint Stock Company ""Insurance Company TAS""",UA,1,fuzzy,894500HJWHUZWVROTZ68,"ПРИВАТНЕ АКЦІОНЕРНЕ ТОВАРИСТВО ""СТРАХОВА КОМПАНІЯ ""УСГ"" [ACTIVE]"
The Citadel,US,1,legal_core,254900YGLRI5LX1DVN73;549300IPM6EKPVUPFL67;549300XOOL3OJTITCV30,CITADEL GP LLC [ACTIVE] | CITADEL LIMITED PARTNERSHIP [ACTIVE] | CITADEL FEDERAL CREDIT UNION [ACTIVE]
"Dell (China) Co.,Ltd",CN,1,legal_core,PPO13OM0KH2VCRPF3C42;RCOUBJVRBBFP2WXIPH39,DELL (XIAMEN) COMPANY LIMITED [ACTIVE] | DELL (CHINA) COMPANY LIMITED [ACTIVE]
S.T. S.r.l.,IT,1,legal_exact,8156002B6743C3724229;81560054139EF261EE60;815600D6E37EE9A05923;984500ADBC3D0F5D4077,S.T. S.R.L. [ACTIVE] | S@T S.R.L. [ACTIVE] | S.T. S.R.L. [ACTIVE] | S.T. S.R.L. [ACTIVE]
KAN Sp. z o.o.,PL,1,legal_core,259400518UJRCWEA6K54;259400E7EHZ0U10FAA85;259400EQGJ42JV7ELF79,"KAN SPÓŁKA Z OGRANICZONĄ ODPOWIEDZIALNOŚCIĄ [ACTIVE] | KAN INVESTMENTS SPÓŁKA Z OGRANICZONĄ ODPOWIEDZIALNOŚCIĄ [ACTIVE] | ""KAN"" SPÓŁKA Z OGRANICZONĄ ODPOWIEDZIALNOŚCIĄ [ACTIVE]"
STACK Infrastructure Australia Pty Ltd,AU,2,legal_exact,254900ONK3SG1EN8VU28;254900RGG9CY727VOI61;254900RXA6ZMMAR8WZ34;254900TODB8V5TPKEL74,STACK Infrastructure Australia (369 Palmers Road) Pty Ltd [ACTIVE] | STACK INFRASTRUCTURE AUSTRALIA (411 PALMERS ROAD) PTY LTD [ACTIVE] | STACK Infrastructure Australia (1005 Boundary Road) Pty Ltd [ACTIVE] | STACK Infrastructure Australia (Palmers Road) Pty Ltd [ACTIVE]
BBAC S.A.L.,LB,1,legal_exact,254900FZS47RFFBGHN44;254900K5PKE4A0R1FF55,BBAC S.A.L [ACTIVE] | BBAC S.A.L. [ACTIVE]
STANDARD CHARTERED BANK,GB,1,legal_exact,254900XJQ7BKPSDXNP74;276345HYMX591FE8F735;RILFO74KP1CM8P6PCT96,Standard Chartered Bank [ACTIVE] | STANDARD CHARTERED BANK [ACTIVE] | STANDARD CHARTERED BANK [ACTIVE]
Caixabank S.A.,ES,1,legal_exact,213800USIB8S3I6BPZ49;815600C05FEE606C6309;984500FEA53D6B83E632,"CAIXABANK, S.A. (SUCURSAL EM PORTUGAL) [ACTIVE] | CAIXABANK, S.A. [ACTIVE] | CAIXABANK, S.A. [ACTIVE]"
"Woodward, Inc.",US,1,legal_exact,254900MYW0WKRJC4EY88;YPYKXXTR8TFDH54ZMB45,"WOODWARD, INC. [ACTIVE] | WOODWARD, INC. [ACTIVE]"
Crown College,US,1,legal_exact,2549002JVKCVG1EK8N25;549300FWLS38EZPYMS48,Crown College [ACTIVE] | Crown College [ACTIVE]
FIRST COMMUNITY CREDIT UNION,US,1,legal_exact,213800THW6KSUL191M34;549300F52SJSXL6QRM73,FIRST COMMUNITY CREDIT UNION [ACTIVE] | FIRST COMMUNITY CREDIT UNION [ACTIVE]
"Juniper Networks, Inc.",US,4,legal_exact,549300XTC50EMSMJIL10;AUHIXNGG7U2U7JEHM527,"JUNIPER NETWORKS (US), INC. [ACTIVE] | JUNIPER NETWORKS, INC. [ACTIVE]"
International Bank of Commerce,US,1,legal_exact,5493005GNZ6EJFS7LM83;549300K77JMKPUYBOI69;549300MCVEZA0JRZFF59;549300O3X3DZL8UBYQ38,International Bank of Commerce [ACTIVE] | International Bank of Commerce [ACTIVE] | International Bank of Commerce [ACTIVE] | International Bank of Commerce [ACTIVE]
MEIJER,US,1,legal_core,5493006OTW6EEO3VHT97;549300VH184HHOFFT776,"MEIJER, INC. [ACTIVE] | Meijer Credit Union [ACTIVE]"
Dimensional Fund Advisors,US,1,legal_core,5493008OMSIRU0QRJE93;S31KDR2I4VDC432ELJ36,DIMENSIONAL FUND ADVISORS PTE. LTD. [ACTIVE] | DIMENSIONAL FUND ADVISORS LP [ACTIVE]
Tieto Norway AS,NO,4,legal_exact,549300MS3UIFCV6XZ708;636700JTWA4KZLC09481,TIETO NORWAY AS [ACTIVE] | TIETO NORWAY AS [ACTIVE]
CIELO SRL,IT,1,legal_core,8156000E8B984BA6CE69;81560086D83628459393;815600912D4664427671,CIELO S.R.L. [ACTIVE] | CIELO S.R.L. [ACTIVE] | CIELO S.P.A. [ACTIVE]
BDO Unibank Inc,PH,1,legal_exact,3FGIIBS1PEI1FYQBGN97;549300FKBDBMXH4N9N93;549300PXLLK5QCF1XC81,"BDO UNIBANK, INC. [ACTIVE] | BDO UNIBANK, INC. (HONG KONG BRANCH) [ACTIVE] | BDO UNIBANK, INC. (SINGAPORE BRANCH) [ACTIVE]"
Bleu SAS,FR,2,legal_core,894500KAL9N4AAQ9O283;9695008DMOHXXZ7NDO72;9695008RP3X0CFT7SE60;969500RGZMMZ9UYJKV32,BLEU [ACTIVE] | BLEU [ACTIVE] | BLEU [ACTIVE] | BLEU [ACTIVE]
"Pzena Investment Management, L.L.C.",US,1,legal_core,6735QA45DYBXWQO11N07;77FR8E97WY61TIP8ID10,"PZENA INVESTMENT MANAGEMENT, LLC [ACTIVE] | PZENA INVESTMENT MANAGEMENT, INC. [ACTIVE]"
IMAC SPA,IT,1,legal_core,8156000F89F2A1D31B56;8156001F864BFC67BF40;8156009C0D58BB33C007;894500FY007C28518442,IMAC SRL [ACTIVE] | IMAC S.P.A. [ACTIVE] | IMAC S.R.L. [ACTIVE] | IMAC S.R.L. [ACTIVE]
The Prudential Insurance Company of America,US,1,legal_exact,549300O2DCII12773U30;X574KRZ6V5A7UBU45C31,THE PRUDENTIAL INSURANCE COMPANY OF AMERICA [ACTIVE] | PRUDENTIAL INSURANCE COMPANY OF AMERICA [ACTIVE]
Ambrogio s.r.l.,IT,1,legal_exact,8156004AA569D0A6A092;8156009459AB1AD81064;815600E04A2A54160010,AMBROGIO S.R.L. [ACTIVE] | AMBROGIO S.R.L. [ACTIVE] | AMBROGIO S.R.L. [ACTIVE]
Graham Packaging Company,US,1,legal_core,549300R14AE9EUHJQ778;549300YS0ZFT826HIK72,"GRAHAM PACKAGING COMPANY, L.P. [ACTIVE] | GRAHAM PACKAGING COMPANY INC. [ACTIVE]"
Proponent,US,1,legal_core,549300Q5FKQMSVTAGL25;549300SI3EZ7U02L5E39,"PROPONENT, INC. [ACTIVE] | PROPONENT Federal Credit Union [ACTIVE]"
Canadian Imperial Bank of Commerce,CA,2,legal_exact,2IGI19DL77OX0HC3ZE78;549300H8L46OOZOFHU82,Canadian Imperial Bank of Commerce [ACTIVE] | Canadian Imperial Bank Of Commerce [ACTIVE]
"Healthcare Realty Trust, Inc.",US,1,legal_core,549300CB86LH2IOKHH22;549300L0I14L7I0VLX84,HEALTHCARE REALTY TRUST INCORPORATED [ACTIVE] | HEALTHCARE REALTY TRUST INCORPORATED [ACTIVE]
BLUE SAS,FR,2,legal_core,9695002RM7BZ9EYIGH26;969500R4XI7TZACPRO07,BLUE [ACTIVE] | BLUE [ACTIVE]
"RP Management, LLC",US,1,legal_exact,254900V32CF6PUZO2F49;549300BGWD6WSDHZXE82,"RP MANAGEMENT, LLC [ACTIVE] | RP MANAGEMENT LLC [ACTIVE]"
Dagrofa ApS,DK,1,legal_exact,529900BWY373HVUNIC90;529900WM9HHXJ2REC786,DAGROFA ApS [ACTIVE] | Dagrofa ApS [ACTIVE]
Prometeo S.r.l.,IT,1,legal_exact,5299005VFE2P7SXMJI47;529900W6OKBRPPO9KQ75;81560025A21612636978;815600323B68B5E82E94;815600764636245F5E46;815600CAB0FF90BBD204,PROMETEO S.R.L. [ACTIVE] | PROMETEO S.R.L. [ACTIVE] | PROMETEO S.R.L. [ACTIVE] | PROMETEO S.R.L. [ACTIVE] | PROMETEO S.R.L. [ACTIVE] | PROMETEO - S.R.L. [ACTIVE]
Independent Bank Corporation,US,1,legal_core,20TVKH7M13MUBGE80C53;549300C5K3W8THR3GE10;549300RBN5KM5RUFOE42,Independent Bank [ACTIVE] | INDEPENDENT BANK CORP. [ACTIVE] | Independent Bank [ACTIVE]
FMR LLC,US,9,legal_exact,254900T2NE6KFHIOIB52;6X064LF7Y6B4DKF2GZ26,"FMR, LLC [ACTIVE] | FMR LLC [ACTIVE]"
OTSUKA CORPORATION,JP,1,other_name_exact,3538006B5I9Z4MTJ7K04;529900RG9DJ58J3UIE72,株式会社大塚 [ACTIVE] | 株式会社大塚商会 [ACTIVE]
Taishin International Bank,TW,1,other_name_core,549300X18HY4B4D40R12;549300ZFPYDS135LU078,台新國際商業銀行股份有限公司 [ACTIVE] | 台新國際商業銀行股份有限公司 [ACTIVE]
Creative Computers,IN,1,legal_exact,8945000F8CI8ERN3P386;8945007OZHZDN4LW1I15,CREATIVE COMPUTERS [ACTIVE] | CREATIVE COMPUTERS [ACTIVE]
Members Choice Credit Union,US,1,other_name_exact,254900J9O6LD52M7KM82;5493008EOM1VM8BBK206,COOPERATIVE CHOICE NETWORK CREDIT UNION [ACTIVE] | MEMBERS CHOICE [ACTIVE]
Gannett Co. Inc.,US,4,other_name_exact,5493006PH3BYSUOBLD51;549300JQ2PU0RI3ZBA32;549300YC5EDBGX85AO10,"GANNETT MEDIA CORP. [ACTIVE] | USA TODAY CO., INC. [ACTIVE] | TEGNA INC. [ACTIVE]"
First Financial Bank,US,1,legal_exact,254900CNZPI5WN45KW48;549300IVURCTJ6QVMD67;549300YIZECN2NB3I529;MV4O55SH8HO6KQSGW013,First Financial Bank [ACTIVE] | First Financial Bank [ACTIVE] | First Financial Bank [ACTIVE] | First Financial Bank [ACTIVE]
TAG,IN,1,legal_core,9845007559B59C8E0A63;984500EU9484ACD8OC74,TAG CORPORATION [ACTIVE] | TAG CORPORATION PRIVATE LIMITED [ACTIVE]
Jabil,US,6,legal_core,5493000CGCQY2OQU7669;549300PHEYEGW57WS656,JABIL INC. [ACTIVE] | JABIL SDN. BHD. [ACTIVE]
Van Veen Beheer B.V.,NL,1,legal_exact,7245003FPGAATK3K5354;7245003QN1HL8F32UY03;724500S2Y8MJY8DO5G14;724500UOYJWXEDT86J39,Van Veen Beheer B.V. [ACTIVE] | Van Veen Beheer B.V. [ACTIVE] | Van Veen Beheer B.V. [ACTIVE] | Van Veen Beheer B.V. [ACTIVE]
Ford Foundation,US,1,legal_exact,335800VPFH5ZHOYDMH14;54930013YZ3DULPNNT44,THE FORD FOUNDATION [ACTIVE] | THE FORD FOUNDATION [ACTIVE]
PRAGATHI ENTERPRISES,IN,1,legal_exact,6488DRPG8336KAJ51838;894500Z771GNU39MK725,PRAGATHI ENTERPRISES [ACTIVE] | PRAGATHI ENTERPRISES [ACTIVE]
The National Bank PLC,PS,1,legal_core,254900X9W6ZM5892IR41;549300YF9MO2JS8OZB36,The National Bank [ACTIVE] | THE NATIONAL BANK COMPANY [ACTIVE]
"McKinsey & Company, Inc.",US,8,legal_exact,2549004HRCU4JSZDCB35;KRXXK3K6ZU5I4X4VTH24,"MCKINSEY & COMPANY, INC. (MALAYSIA) [ACTIVE] | MCKINSEY & COMPANY, INC. [ACTIVE]"
Second Street,US,1,legal_core,254900N6O26U9N5E4H33;549300JG5X9MOUUVCR82,"Second Street Investments, LLC [ACTIVE] | Second Street Corporation [ACTIVE]"
Korea Development Bank,KR,1,legal_exact,213800UVBWYXM97HSY04;549300XPNL3J2VYAWN77,THE KOREA DEVELOPMENT BANK [ACTIVE] | THE KOREA DEVELOPMENT BANK [ACTIVE]
ENGIE SA,FR,3,legal_core,549300EL1OTYCHBFUV17;LAXUQCHT4FH58LRZDY46,ENGIE CC [ACTIVE] | ENGIE [ACTIVE]
Siemens AG,DE,4,legal_core,391200HRVVXK0TAQJU80;W38RGI023J3WT1HWRP32,Siemens Stiftung [ACTIVE] | Siemens Aktiengesellschaft [ACTIVE]
"Rosetta Stone, LTD.",US,1,legal_core,5299001UYF7L66NG5049;549300Z3EI7MS3873440,ROSETTA STONE INC. [ACTIVE] | Rosetta Stone LLC [ACTIVE]
Parsons Corp.,US,1,legal_core,5493001A8DPRB21YBS87;549300ZXH0VRBSEPX752,PARSONS Federal Credit Union [ACTIVE] | PARSONS CORPORATION [ACTIVE]
STERLITE TECHNOLOGIES LTD,IN,1,legal_core,2549009PLGZR1CDA6F81;254900ZU1LQVS3HJ4N81,STERLITE TECHNOLOGIES LIMITED [ACTIVE] | Sterlite Technologies S.P.A. [ACTIVE]
CDW,US,1,legal_core,549300RU2J599RPFD076;9845001B052ABF0B6755,CDW LLC [ACTIVE] | CDW CORPORATION [ACTIVE]
SI.EL.CO. SRL,IT,1,legal_core,81560056C73318F4EA07;81560061B2D4DE6C9651,"SI.EL. S.R.L. [ACTIVE] | ""SI.EL.CO. S.R.L."" [ACTIVE]"
PLANET SERVICE SRL,IT,1,legal_core,8156007986D343F17940;815600C9E02B5819CA94;98450077A79FE89N0515,PLANET SERVICE S.R.L. [ACTIVE] | PLANET SERVICE S.R.L. [ACTIVE] | PLANET SERVICE S.R.L. [ACTIVE]
United Bank Limited,PK,1,legal_exact,25490030EXC4CQV3JH29;27632G6O0L6ZF8M2Y992,UNITED BANK LIMITED [ACTIVE] | UNITED BANK LIMITED [ACTIVE]
City Of Lancaster,US,1,legal_exact,549300BGOEKNNN4HPE68;549300OOF1YMTXDU5286,City of Lancaster [ACTIVE] | City of Lancaster [ACTIVE]
SMBC Bank International plc,GB,1,legal_exact,2549007H11SP7GCXGN21;NT7C58H5HPZYKZDPOO64,SMBC BANK INTERNATIONAL PLC [ACTIVE] | SMBC BANK INTERNATIONAL PLC [ACTIVE]
State Street Bank and Trust Company,US,2,legal_exact,54930040JC7I4R2I8K66;571474TGEMMWANRLN572,STATE STREET BANK AND TRUST COMPANY [ACTIVE] | State Street Bank and Trust Company [ACTIVE]
BLUESCOPE STEEL LIMITED,AU,1,legal_exact,529900H6UQI16XACWC95;549300FGZXD9XKS08M40,BLUESCOPE STEEL LIMITED [ACTIVE] | BLUESCOPE STEEL (FINANCE) LIMITED [ACTIVE]
Gentex Corporation,US,1,legal_exact,549300D4CU0NSS5ZNN73;549300S3UD8XV1MN0287,GENTEX CORPORATION [ACTIVE] | GENTEX CORPORATION [ACTIVE]
SERES SA,FR,1,legal_core,969500NNJ9OJTFBY0S54;969500YWNQOIZ1GX3478,SERES [ACTIVE] | SERES [ACTIVE]
Jefferies International Limited,GB,1,legal_exact,213800NXQ9AZJGTWGJ19;S5THZMDUJCTQZBTRVI98,JEFFERIES INTERNATIONAL (NOMINEES) LIMITED [ACTIVE] | JEFFERIES INTERNATIONAL LIMITED [ACTIVE]
Omnicell,US,1,legal_core,5493008RH0GTKHHPZI77;549300RBDRVI85KO4D38,"OMNICELL, INC. [ACTIVE] | OMNICELL B.V. [ACTIVE]"
American Electirc Power Co.,US,1,fuzzy,1B4S6S7G0TW5EE83BO58;JHOZYZ5WPEXWR477VH72,"AMERICAN ELECTRIC POWER COMPANY, INC. [ACTIVE] | KENTUCKY POWER COMPANY [ACTIVE]"
Cascade Corporation,US,1,legal_exact,54930073HYK758F9X433;5493008L72QGSCC15F65,CASCADE CORPORATION [ACTIVE] | Cascade Corporation [ACTIVE]
Mckinsey & Company,US,2,legal_core,2549004HRCU4JSZDCB35;KRXXK3K6ZU5I4X4VTH24,"MCKINSEY & COMPANY, INC. (MALAYSIA) [ACTIVE] | MCKINSEY & COMPANY, INC. [ACTIVE]"
Mega International Commercial Bank,TW,1,legal_core,2549009ME4AK3ADZE687;254900CR5T960ZKW5652;549300WHMGAP15TBW058,"MEGA INTERNATIONAL COMMERCIAL BANK CO. LTD. [ACTIVE] | Mega International Commercial Bank Co., Ltd. [ACTIVE] | MEGA INTERNATIONAL COMMERCIAL BANK CO., LTD [ACTIVE]"
The Boom Company,US,1,legal_core,25490057L5H8EFCHGB37;549300L6XUCGPFVA0566,"BOOM, INC. [ACTIVE] | Boom, Inc. [ACTIVE]"
SEI LLC,US,1,legal_core,549300ENUNGKJV1XM837;5LJTIFADGZ6XH1RVOC11,"SEI, INC. [ACTIVE] | SEI INVESTMENTS COMPANY [ACTIVE]"
LSC Communications,US,1,legal_core,254900ZG7GWXX1RAM256;5493000O7BCKOMYMHF87,"LSC Communications LLC [ACTIVE] | LSC Communications, Inc. [ACTIVE]"
PI DATA CENTERS PRIVATE LIMITED,IN,1,legal_exact,335800DD18RMT9JFZX63;335800TWJPKVEMJ85B97,PI DATA CENTERS (MUMBAI) PRIVATE LIMITED [ACTIVE] | PI DATA CENTERS PRIVATE LIMITED [ACTIVE]
"North American Color, Inc.",US,1,fuzzy,54930066V5N006NNPI51;549300LDIX1UB5J1DN27,North American Door Corp. [ACTIVE] | THE NORTH AMERICAN COAL CORPORATION [ACTIVE]
Saudi National Bank JSC,SA,2,legal_core,5586006ZEFQ542K7CY16;558600CQTRGF105Z2J41;558600E4C9MWY6TUVP22;558600V7SNWUPLE9BT66,The Saudi National Bank [ACTIVE] | The Saudi National Bank (Bahrain Branch) [ACTIVE] | THE SAUDI NATIONAL BANK (DUBAI BRANCH) [ACTIVE] | The Saudi National Bank ( Qatar branch) [ACTIVE]
DEKRA AG,DE,1,legal_core,529900LKVZALXPGVBS30;529900LZEZ8EIEK7W207,DEKRA e.V. [ACTIVE] | DEKRA SE [ACTIVE]
ACCESS,US,2,legal_core,254900UPNI34HUUQB490;549300V4QN9VP69K5I11,Access Credit Union [ACTIVE] | ACCESS Federal Credit Union [ACTIVE]
TEKNE S.R.L.,IT,1,legal_exact,81560019E9C1C7F33296;8156002113617E7A5D83;81560063FF5FF68AA088;815600A69A70B6848358;815600CA882179743018,TEKNE S.R.L. [ACTIVE] | TEKNE S.R.L [ACTIVE] | TEKNE S.R.L. [ACTIVE] | TEKNE S.R.L. [ACTIVE] | TEKNE S.R.L. [ACTIVE]
Wilmer Cutler Pickering Hale and Dorr LLP,US,1,legal_exact,549300WJIJQYRGTOYF19;549300XEO2OHZLTPZ097,WILMER CUTLER PICKERING HALE AND DORR LLP [ACTIVE] | WILMER CUTLER PICKERING HALE AND DORR LLP [ACTIVE]
Exchange Bank,US,1,legal_exact,2549004ZRHLORHQ9LT73;254900JCI5NCNPHHW147;5493000I54FJ7EG6WZ24;5493006Y2YCT81BVTL57,Exchange Bank [ACTIVE] | The Exchange Bank [ACTIVE] | Exchange Bank [ACTIVE] | Exchange Bank [ACTIVE]
LAXMI ENTERPRISE,IN,1,legal_exact,254900TMH2A36QAXLO80;335800PDHNGQVQSHS143;894500OHNHTTA5XP5624,LAXMI ENTERPRISE [ACTIVE] | LAXMI ENTERPRISE [ACTIVE] | LAXMI ENTERPRISE [ACTIVE]
"China Bohai Bank Co.,Ltd",CN,2,other_name_exact,254900MR5G7N1HWD7563;549300YB2ARX5DQT4F62,渤海銀行股份有限公司 (香港分行) [ACTIVE] | 渤海银行股份有限公司 [ACTIVE]
Members 1st Federal Credit Union,US,1,legal_core,2549001VSHUPB9WSF332;5493006MW6O2CE88BD43;549300SWKVL60SKWK981,Members 1st Credit Union [ACTIVE] | MEMBERS 1ST CREDIT UNION [ACTIVE] | MEMBERS 1ST [ACTIVE]
AB Bank Limited,BD,1,other_name_exact,254900GSWZ4BTRAK8C42;335800VOLFWHZGCROV17,AB BANK PLC. [ACTIVE] | AB BANK PLC [ACTIVE]
Northrop Grumman Corp.,US,3,legal_core,5493009D2COWW65B8673;RIMU48P07456QXSO0R61,NORTHROP GRUMMAN Federal Credit Union [ACTIVE] | NORTHROP GRUMMAN CORPORATION [ACTIVE]
"CAIXA GERAL DE DEPOSITOS, SA",PT,1,legal_core,87550097TW2SOB8H1160;TO822O0VT80V06K0FH57,Caixa Geral de Depositos [ACTIVE] | CAIXA GERAL DE DEPÓSITOS S.A. [ACTIVE]
MEDIANET S.R.L.,IT,1,legal_exact,529900SIEDV8K7RJYW85;815600F6CE0978A1E446,MEDIANET S.R.L. [ACTIVE] | MEDIANET S.R.L. [ACTIVE]
SEI Investments,US,2,legal_core,549300ENUNGKJV1XM837;5LJTIFADGZ6XH1RVOC11,"SEI, INC. [ACTIVE] | SEI INVESTMENTS COMPANY [ACTIVE]"
CYPRUS CREDIT UNION INC.,US,1,legal_core,54930071E48F8NBQB157;549300HS714PZ0BMPN11,"CYPRUS INVESTMENTS, INC. [ACTIVE] | CYPRUS Federal Credit Union [ACTIVE]"
EBV Elektronik GmbH,DE,1,legal_exact,213800CLEFK7A8TQP341;213800DI3RZCUH7YUN32;213800IV261X5GSMEX25;213800R5LLKF2U2SOH91,EBV ELEKTRONIK GMBH (BRANCH OFFICE IN UK) [ACTIVE] | EBV ELEKTRONIK GMBH [ACTIVE] | EBV ELEKTRONIK GMBH [ACTIVE] | EBV ELEKTRONIK GMBH [ACTIVE]
Bank of China Limited,CN,1,legal_exact,25490064D4J0UOZ7XS89;254900DOHD6ZQSF7GZ43;37890087D75CA7D1D544;549300WTHUV5DF3HHH67;984500BDB0DE6F1AF647,Bank of China Limited [ACTIVE] | BANK OF CHINA LIMITED [ACTIVE] | Bank of China Limited (Incorporated in China) [ACTIVE] | BANK OF CHINA (AUSTRALIA) LIMITED [ACTIVE] | BANK OF CHINA LIMITED [ACTIVE]
CTC,US,1,legal_core,549300CIE3BPB5RBFC41;549300H8FZ2WVT3S4344;549300OUY5Y47EXQBB91,"CTC, LLC [ACTIVE] | CTC LIMITED [ACTIVE] | CTC INVESTMENTS, LLC [ACTIVE]"
ALTERIS Sp. z o.o.,PL,1,legal_core,2594008WPATHAP7URN47;259400L0PQ7O48QP7H67,Alteris Spółka Akcyjna [ACTIVE] | ALTERIS S.A.R.L. [ACTIVE]
Tata Teleservices (Maharashtra) Ltd,IN,3,legal_core,3358003IB42VST99EI84;3358003M4YQ5CPJTVD89,TATA TELESERVICES (MAHARASHTRA) LIMITED [ACTIVE] | TATA TELESERVICES LIMITED [ACTIVE]
Barclays Bank plc,GB,1,legal_exact,2549003Q5J2G7ALNU316;G5GSEF7VJP5I7OUK5573,BARCLAYS BANK PLC [ACTIVE] | BARCLAYS BANK PLC [ACTIVE]
"Premier, Inc.",US,1,legal_core,2549004WBDC394DA3W87;254900TVN7TKHQZISG52;549300MYCPE87Q1LS481;549300TGY7XOOC477466,"Premier Credit Union [ACTIVE] | Premier Federal Credit Union [ACTIVE] | PREMIER AG INC. [ACTIVE] | The Premier, LLC [ACTIVE]"
Macquarie Bank,AU,2,legal_core,4ZHCHI4KYZG2WVRT8631;549300MPRNPO6FWNKN78,MACQUARIE BANK LIMITED [ACTIVE] | MACQUARIE BANK LIMITED [ACTIVE]
Fisher Scientific,US,3,legal_core,549300JLXOCO3Q1XUR35;549300LCICOL5G2YXP11,Fisher Scientific Company [ACTIVE] | FISHER SCIENTIFIC SAS [ACTIVE]
GOBIERNO DE CANARIAS,ES,1,fuzzy,95980020140005138461;95980020140005760134,"GOBIERNO DE CANTABRIA PENSIONES, F.P [ACTIVE] | GOBIERNO DE CANTABRIA [ACTIVE]"
The Citizens Savings Bank,US,1,legal_exact,254900UH275N6ULKI387;549300CDGL2OULMP7388;549300ESV371MYVWQV54,CITIZENS SAVINGS BANK [ACTIVE] | Citizens Savings Bank [ACTIVE] | Citizens Savings Bank [ACTIVE]
Artefact SARL,FR,2,legal_core,894500L9JQLY4JKO7D89;969500UWPQBQWTJKU739;969500XCNV6TL7KA1869,ARTEFACT SAS [ACTIVE] | ARTEFACT [ACTIVE] | ARTEFACT [ACTIVE]
MAGELLAN SAS,FR,1,legal_core,8945006P3Z1HWGQ0L044;9695000NKARR3BJMZ758;9695006C5LLC7AE24T87;9695007M4LYKDI1JZ439;969500APSSVI3IEL6C55;969500BPQVGLNSYY5B13;969500WQ9YBC3ZKDFI43;969500X5EYNNN7WI2A21;969500YTWWP56PGFED79;984500FSBF3C104E1E65,MAGELLAN [ACTIVE] | MAGELLAN [ACTIVE] | MAGELLAN [ACTIVE] | MAGELLAN [ACTIVE] | MAGELLAN [ACTIVE] | MAGELLAN [ACTIVE] | MAGELLAN [ACTIVE] | MAGELLAN [ACTIVE] | MAGELLAN [ACTIVE] | MAGELLAN [ACTIVE]
The Aerospace Corporation,US,1,legal_core,5493002KM0SK2BKXJ188;5493004CZUGDTDC6QB68,"Aerospace Co., Inc. [ACTIVE] | AEROSPACE FEDERAL CREDIT UNION [ACTIVE]"
McKinsey & Company,US,7,legal_core,2549004HRCU4JSZDCB35;KRXXK3K6ZU5I4X4VTH24,"MCKINSEY & COMPANY, INC. (MALAYSIA) [ACTIVE] | MCKINSEY & COMPANY, INC. [ACTIVE]"
DI Forening,DK,1,legal_core,254900BWO1KCZGCVMU33;5493005AKRE38Z596314,DI ApS [ACTIVE] | DI [ACTIVE]
Man Investments Limited,GB,2,legal_exact,254900UCP5AK26YN1D08;549300IYJMOSFW0SWE19,Man Investments (Shanghai) Limited [ACTIVE] | MAN INVESTMENTS LIMITED [ACTIVE]
First United Bank and Trust Company,US,1,legal_exact,549300DMHEHNYZ2OLB41;549300V9HKOIF4980H71,First United Bank and Trust Company [ACTIVE] | First United Bank and Trust Company [ACTIVE]
VECTOR sp. z o.o.,PL,1,legal_core,259400FZN3EW09ULQO60;984500D36B4C13E2DD74,"""VECTOR"" SPÓŁKA Z OGRANICZONĄ ODPOWIEDZIALNOŚCIĄ [ACTIVE] | VECTOR SPÓŁKA Z OGRANICZONĄ ODPOWIEDZIALNOŚCIĄ [ACTIVE]"
Centennial Bank,US,1,legal_exact,549300BEFX6JRSCS5N78;549300YR7U7TZTQ1GH77,Centennial Bank [ACTIVE] | Centennial Bank [ACTIVE]
Nemo S.r.l.,IT,1,legal_exact,815600072932307A2F26;8156007609350E9A5F20;815600BCE66014B1DC13;894500G9VBZZYX1L7245,NEMO S.R.L. [ACTIVE] | NEMO S.R.L. [ACTIVE] | NEMO S.R.L. [ACTIVE] | NEMO S.R.L. [ACTIVE]
CCI,US,1,other_name_core,213800SBDTTGQSBK4X96;254900V05UH1I4FN6A50,"CONTROL COMPONENTS INC [ACTIVE] | SYSTEMATIC CREDIT INVESTMENTS, LLC [ACTIVE]"
"PT. Bank Negara Indonesia (Persero), Tbk.",ID,1,legal_exact,2549004Y97GQ3R278O28;549300HZ8J3MLVXQ8F85,PT Bank Negara Indonesia (Persero) Tbk. [ACTIVE] | PT BANK NEGARA INDONESIA (PERSERO) TBK [ACTIVE]
C3,US,2,legal_core,54930028XLLLE5HGZF03;549300P7ZDPL8UWNVI47;549300RT63RK8VIV0X41,"C3 Limited Partnership [ACTIVE] | C3, Inc. [ACTIVE] | C3 LLC [ACTIVE]"
CAME S.P.A.,IT,1,legal_exact,815600F8E63531367F66;815600FFFAA6E7528958,CAME S.P.A. [ACTIVE] | CAME S.P.A. [ACTIVE]
"ATRADIUS CREDITO Y CAUCION SA, DE SEGUROS Y REASEGUROS",ES,1,legal_exact,254900O9L56RJLZX5052;9598002U9BK2VP1RTG14,ATRADIUS CREDITO Y CAUCION SA DE SEGUROS Y REASEGUROS [ACTIVE] | ATRADIUS CREDITO Y CAUCION SA DE SEGUROS Y REASEGUROS [ACTIVE]
M&M GMbH,DE,1,legal_core,391200QZC8HIMTPBSW65;8945007MU7HMJ1JMGJ17,M & M eGbR [ACTIVE] | M & M UG (haftungsbeschränkt) [ACTIVE]
The J. M. Smucker Co.,US,1,legal_core,5493000WDH6A0LHDJD55;549300RH3204BC21UZ79,THE J. M. SMUCKER COMPANY [ACTIVE] | J.M. SMUCKER LLC [ACTIVE]
WESTERN ASSET MANAGEMENT COMPANY,US,1,legal_core,549300C5A561UXUICN46;549300IVCLHPHPOYT226,"Western Asset Management Company, LLC [ACTIVE] | WESTERN ASSET MANAGEMENT COMPANY LIMITED [ACTIVE]"
OPS Sarl,FR,1,legal_core,8945008DXZGAT8K6MK77;969500258SZNSUC0L317;969500V2067XWVHWOS96;969500WPRBINUH0FE626,OPS [ACTIVE] | OPS [ACTIVE] | OPS [ACTIVE] | OPS [ACTIVE]
DIMAR,IT,1,legal_core,5299001XACYSB54YI880;8156009A530B15FECF60,DIMAR S.R.L. [ACTIVE] | DIMAR S.P.A. [ACTIVE]
Center for Creative Leadership,US,1,legal_exact,254900XUG1GMOT0J9R98;699400L62D24FOCVIX94,Center for Creative Leadership [ACTIVE] | CENTER FOR CREATIVE LEADERSHIP [ACTIVE]
Indian Institute of Technology (Indian School of Mines) Dhanbad,IN,2,fuzzy,335800TFZI7UY1X27920,INDIAN INSTITUTE OF TECHNOLOGY DHARWAD [ACTIVE]
AT&T,US,1,legal_core,4PD8YHHBETYIBWD91168;549300Z40J86GGSTL398,AT&T CORP. [ACTIVE] | AT&T INC. [ACTIVE]
Transcend Credit Union,US,1,legal_core,549300718VVOPARZB771;549300OCBGBM6IS0J130,TRANSCEND INVESTMENTS LLC [ACTIVE] | TRANSCEND Federal Credit Union [ACTIVE]
"Oaktree Capital Management, LP",US,2,legal_core,2138001L3U9MRI6BUB30;254900AL9EK7S9ZPZ570;254900MO2PHA298XUY16;254900NP4U4TB77WHR09;549300UXS5VVND5B1G52;JOAJT0QKF9HWVYTX5K56,"Oaktree Capital Management (Europe) LLP [ACTIVE] | Oaktree Capital Management (International) Limited [ACTIVE] | Oaktree Capital Management Pte. Ltd. [ACTIVE] | Oaktree Capital Management (Cayman), L.P. [ACTIVE] | OAKTREE CAPITAL MANAGEMENT (UK) LLP [ACTIVE] | OAKTREE CAPITAL MANAGEMENT, L.P. [ACTIVE]"
"Red Ventures, LLC",US,2,legal_exact,549300YLXP1WUPT0Q494;9845004G68FBD7FP1585,"Red Ventures, LLC [ACTIVE] | RED VENTURES LLC [ACTIVE]"
Bayer AG,DE,4,legal_core,3912006KG4HA68NWAZ84;3912008FVZU480Z3MR94;529900KL5QYDWGEHL991;549300J4U55H3WP1XT59,Bayer GmbH [ACTIVE] | Bayer GbR [ACTIVE] | Bayer LIMITED [ACTIVE] | Bayer Aktiengesellschaft [ACTIVE]
"Teng Yue Partners, LP",US,1,legal_core,254900FDEQ1XNOF1YG41;549300ESIAW8P3YE0H48,"Teng Yue Partners GP, LLC [ACTIVE] | TENG YUE PARTNERS, L.P. [ACTIVE]"
JD Invest GmbH,DE,1,legal_exact,391200YZH4HVG5O7EH66;984500600G5KB72A5648,JD Invest GmbH [ACTIVE] | JD Invest GmbH [ACTIVE]
BAWAG P.S.K. Bank fuer Arbeit und Wirtschaft und Oesterreichische Postsparkasse Aktiengesellschaft,AT,1,fuzzy,529900ICA8XQYGIKR372;894500IEPB03IMPCP705,BAWAG P.S.K. Bank für Arbeit und Wirtschaft und Österreichische Postsparkasse Aktiengesellschaft [ACTIVE] | BAWAG P.S.K. Bank für Arbeit und Wirtschaft und Österreichische Postsparkasse Aktiengesellschaft [ACTIVE]
Hong Leong Bank Berhad,MY,1,legal_exact,5493002HDJOTQT0KAE63;549300BUPYUQGB5BFX94,HONG LEONG BANK BERHAD [ACTIVE] | HONG LEONG BANK BERHAD [ACTIVE]
Commerce Bank,US,1,legal_exact,549300652XGKF36NER24;7DMUJTL9FFTVIAG9H788,Commerce Bank [ACTIVE] | Commerce Bank [ACTIVE]
LIBRA S.R.L.,IT,2,legal_exact,529900GDURZ0W5O5UK45;81560024F4C528FC1360;8156003511BB00AB3451;81560063DBBCBF112009;8156006627D08B620546;8156007EDE4D81980E51;815600B8FFEA44E59631;815600BD4B8AEABBAD39;815600BE0AFF78373647;815600E96FB017137343;815600F5E5B0150D2796;9845008UF2E55EA38267;984500E6DDBA6A147D22,LIBRA S.R.L. [ACTIVE] | LIBRA S.R.L. [ACTIVE] | LIBRA S.R.L. [ACTIVE] | LIBRA S.R.L. [ACTIVE] | LIBRA S.R.L. [ACTIVE] | LIBRA S.R.L. [ACTIVE] | LIBRA S.R.L. [ACTIVE] | LIBRA S.R.L. [ACTIVE] | LIBRA S.R.L. [ACTIVE] | LIBRA S.R.L. [ACTIVE] | LIBRA S.R.L. [ACTIVE] | LIBRA S.R.L. [ACTIVE] | LIBRA S.R.L. [ACTIVE]
Macquarie Bank Limited,AU,1,legal_exact,4ZHCHI4KYZG2WVRT8631;549300MPRNPO6FWNKN78,MACQUARIE BANK LIMITED [ACTIVE] | MACQUARIE BANK LIMITED [ACTIVE]
"Allergan, Inc.",US,3,legal_exact,254900RK26XCDQIJ0I12;6T6CAG8O6TSUTMO6BA21,"Allergan Inc [ACTIVE] | ALLERGAN, INC. [ACTIVE]"
SAFE CREDIT UNION,US,1,legal_core,549300BLQQL5GPC6OJ66;549300SGD2RNJOEDDS24,SAFE FEDERAL CREDIT UNION [ACTIVE] | SAFE [ACTIVE]
ACP IT Solutions AG,DE,2,legal_exact,391200WY5JSC5CJKMZ57;5299004DENFRJNV8JV48;894500CI7PX2MUE4QE83,ACP IT Solutions AG [ACTIVE] | ACP IT Solutions AG [ACTIVE] | ACP IT Solutions AG [ACTIVE]
County of Orange,US,1,legal_exact,254900A5FX1HDD1VHV05;254900JK6VDGKKNNKL68,County of Orange (FL) [ACTIVE] | County Of Orange [ACTIVE]
Dynatrace,US,2,legal_core,254900U38IO5FMXCGH14;6488T0Z33CE9L61EX904,"DYNATRACE LLC [ACTIVE] | Dynatrace, Inc. [ACTIVE]"
"Infor (US), Inc",US,1,other_name_exact,549300Q3IIYBYI4RHD64;CIOT8TLNSHRE7MIBDR09,"INFOR, LLC [ACTIVE] | INFOR (US), LLC [ACTIVE]"
Life Technologies Corp.,US,2,legal_core,3JLSBV8MA26EL9P7UR35;PJV6UHXW21PB22P87E25;ZX5LQJBHZ3NFEMZ34U07,LIFE TECHNOLOGIES FINANCE LIMITED [ACTIVE] | LIFE TECHNOLOGIES LIMITED [ACTIVE] | LIFE TECHNOLOGIES CORPORATION [ACTIVE]
SETA S.R.L.,IT,1,legal_exact,815600E482642B03D408;894500VHJDN9WLAD0Z80,SETA S.R.L. [ACTIVE] | SETA S.R.L. [ACTIVE]
Pegaso Srl,IT,2,legal_exact,8156003743863F934897;815600380606A54E4F10;8156003EAE106E886254;8156003ECFF44D6E1D41;815600E36F043387E336;8945009046IUQK2SUK86,PEGASO SRL [ACTIVE] | PEGASO SRL [ACTIVE] | PEGASO SRL [ACTIVE] | PEGASO SRL [ACTIVE] | PEGASO SRL [ACTIVE] | PEGASO SRL [ACTIVE]
THE INNOVATION GROUP (EMEA) LTD,GB,1,legal_core,2138008UUQYDTB5Q2H42;213800VU3PIOGINE4P48,THE INNOVATION GROUP LIMITED [ACTIVE] | THE INNOVATION GROUP (EMEA) LIMITED [ACTIVE]
ATI,US,1,legal_core,549300RREZP35VHDDO87;ZW1LRE7C3H17O2ZN9B45,ATI INVESTMENTS LLC [ACTIVE] | ATI INC. [ACTIVE]
"POET, LLC",US,1,legal_core,254900LFSLWBC1TPGB88;5493000JFBFDMISZQL46,"POET, INC. [ACTIVE] | POET Investments, LLC [ACTIVE]"
MAGIS S.P.A.,IT,1,legal_exact,815600663242DF78E569;815600B7B290C661CA43;815600D77F6DB00A2221;894500AFUBTTENE74E59,MAGIS S.P.A. [ACTIVE] | MAGIS S.P.A. [ACTIVE] | MAGIS S.P.A. [ACTIVE] | MAGIS S.P.A. [ACTIVE]
Johnson Control,US,1,fuzzy,2138007EEYRGP54M3S87;3LB2NG8VUULSCV2NO430,"JOHNSON CONTROLS L.L.C.  [ACTIVE] | JOHNSON CONTROLS, INC. [ACTIVE]"
Union Bank and Trust Company,US,1,legal_exact,254900D60438WI8L8H87;549300FDWHVG4HSERS14;R6KJ2D7C3UT8OVTWHS39,Union Bank and Trust Company [ACTIVE] | Union Bank & Trust Company [ACTIVE] | Union Bank and Trust Company [ACTIVE]
